----------------------------------------------------------
-- survey_group
----------------------------------------------------------
INSERT INTO survey_group (group_order, american, british) VALUES (-1, 'Personal Information', 'Personal Information');
INSERT INTO survey_group (group_order, american, british) VALUES (0, 'General Diet Information', 'General Diet Information');
INSERT INTO survey_group (group_order, american, british) VALUES (1, 'General Information', 'General Information');
INSERT INTO survey_group (group_order, american, british) VALUES (2, 'General Lifestyle and Hygiene Information', 'General Lifestyle and Hygiene Information');
INSERT INTO survey_group (group_order, american, british) VALUES (3, 'General Health Information', 'General Health Information');
INSERT INTO survey_group (group_order, american, british) VALUES (4, 'Detailed Dietary information', 'Detailed Dietary information');
INSERT INTO survey_group (group_order, american, british) VALUES (5, 'Anything else?', 'Anything else?');

----------------------------------------------------------
-- surveys
----------------------------------------------------------
INSERT INTO surveys (survey_id, survey_group) VALUES (1, -1);
INSERT INTO surveys (survey_id, survey_group) VALUES (1, 0);
INSERT INTO surveys (survey_id, survey_group) VALUES (1, 1);
INSERT INTO surveys (survey_id, survey_group) VALUES (1, 2);
INSERT INTO surveys (survey_id, survey_group) VALUES (1, 3);
INSERT INTO surveys (survey_id, survey_group) VALUES (1, 4);
INSERT INTO surveys (survey_id, survey_group) VALUES (1, 5);

----------------------------------------------------------
-- survey_question
----------------------------------------------------------
INSERT INTO survey_question (american, british) VALUES ('How would you classify your diet?', 'How would you classify your diet?');
INSERT INTO survey_question (american, british) VALUES ('Are you taking a daily multivitamin?', 'Are you taking a daily multivitamin?');
INSERT INTO survey_question (american, british) VALUES ('How frequently do you take a probiotic?', 'How frequently do you take a probiotic?');
INSERT INTO survey_question (american, british) VALUES ('How frequently do you take Vitamin B complex, folate or folic acid?', 'How frequently do you take Vitamin B complex, folate or folic acid?');
INSERT INTO survey_question (american, british) VALUES ('How frequently do you take Vitamin D supplement?', 'How frequently do you take Vitamin D supplement?');
INSERT INTO survey_question (american, british) VALUES ('Are you taking any other nutritional/herbal supplements?', 'Are you taking any other nutritional/herbal supplements?');
INSERT INTO survey_question (american, british) VALUES ('Are you lactose intolerant?', 'Are you lactose intolerant?');
INSERT INTO survey_question (american, british) VALUES ('Are you gluten intolerant?', 'Are you gluten intolerant?');
INSERT INTO survey_question (american, british) VALUES ('I am allergic to __________ (mark all that apply)', 'I am allergic to __________ (mark all that apply)');
INSERT INTO survey_question (american, british) VALUES ('Do you eat a paleo, modified paleo, primal, FODMAP, Westen-Price, or other low-grain, low processed food diet?', 'Do you eat a paleo, modified paleo, primal, FODMAP, Westen-Price, or other low-grain, low processed food diet?');
INSERT INTO survey_question (american, british) VALUES ('Do you eat meat/dairy products from animals treated with antibiotics?', 'Do you eat meat/dairy products from animals treated with antibiotics?');
INSERT INTO survey_question (american, british) VALUES ('Do you follow any other special diet restrictions other than those indicated above?', 'Do you follow any other special diet restrictions other than those indicated above?');
INSERT INTO survey_question (american, british) VALUES ('What is your drinking water source at home?', 'What is your drinking water source at home?');
INSERT INTO survey_question (american, british) VALUES ('What is your race/ethnicity?', 'What is your race/ethnicity?');
INSERT INTO survey_question (american, british) VALUES ('When did you move to current state of residence?', 'When did you move to current state of residence?');
INSERT INTO survey_question (american, british) VALUES ('I have traveled outside of the United States in the past _________.', 'I have traveled outside of the United States in the past _________.');
INSERT INTO survey_question (american, british) VALUES ('How many non-family roommates do you have?', 'How many non-family roommates do you have?');
INSERT INTO survey_question (american, british) VALUES ('Are any of your roommates participating in this study?', 'Are any of your roommates participating in this study?');
INSERT INTO survey_question (american, british) VALUES ('Are you related to or live with any of the other participants in this study?', 'Are you related to or live with any of the other participants in this study?');
INSERT INTO survey_question (american, british) VALUES ('Do you have a dog(s)?', 'Do you have a dog(s)?');
INSERT INTO survey_question (american, british) VALUES ('Do you have a cat(s)?', 'Do you have a cat(s)?');
INSERT INTO survey_question (american, british) VALUES ('Which is your dominant hand?', 'Which is your dominant hand?');
INSERT INTO survey_question (american, british) VALUES ('What is your highest level of education?', 'What is your highest level of education?');
INSERT INTO survey_question (american, british) VALUES ('How often do you exercise?', 'How often do you exercise?');
INSERT INTO survey_question (american, british) VALUES ('Do you generally exercise indoors or outdoors?', 'Do you generally exercise indoors or outdoors?');
INSERT INTO survey_question (american, british) VALUES ('Do you bite your fingernails?', 'Do you bite your fingernails?');
INSERT INTO survey_question (american, british) VALUES ('How often do you use a swimming pool/hot tub?', 'How often do you use a swimming pool/hot tub?');
INSERT INTO survey_question (american, british) VALUES ('How often do you smoke cigarettes?', 'How often do you smoke cigarettes?');
INSERT INTO survey_question (american, british) VALUES ('How often do you drink alcohol?', 'How often do you drink alcohol?');
INSERT INTO survey_question (american, british) VALUES ('What type(s) of alcohol do you typically consume (select all that apply)?', 'What type(s) of alcohol do you typically consume (select all that apply)?');
INSERT INTO survey_question (american, british) VALUES ('How often do you brush your teeth?', 'How often do you brush your teeth?');
INSERT INTO survey_question (american, british) VALUES ('How often do you floss your teeth?', 'How often do you floss your teeth?');
INSERT INTO survey_question (american, british) VALUES ('How often do you wear facial cosmetics?', 'How often do you wear facial cosmetics?');
INSERT INTO survey_question (american, british) VALUES ('Do you use deodorant or antiperspirant (antiperspirants generally contain aluminum)?', 'Do you use deodorant or antiperspirant (antiperspirants generally contain aluminum)?');
INSERT INTO survey_question (american, british) VALUES ('Approximately how many hours of sleep to you get in an average night?', 'Approximately how many hours of sleep to you get in an average night?');
INSERT INTO survey_question (american, british) VALUES ('Do you use fabric softener when drying your clothes?', 'Do you use fabric softener when drying your clothes?');
INSERT INTO survey_question (american, british) VALUES ('How many times do you have a bowel movement in an average day?', 'How many times do you have a bowel movement in an average day?');
INSERT INTO survey_question (american, british) VALUES ('Describe the quality of your bowel movements:', 'Describe the quality of your bowel movements:');
INSERT INTO survey_question (american, british) VALUES ('I have taken antibiotics in the last ____________.', 'I have taken antibiotics in the last ____________.');
INSERT INTO survey_question (american, british) VALUES ('I have received a flu vaccine in the last ____________.', 'I have received a flu vaccine in the last ____________.');
INSERT INTO survey_question (american, british) VALUES ('Are you currently using some form of hormonal birth control?', 'Are you currently using some form of hormonal birth control?');
INSERT INTO survey_question (american, british) VALUES ('Are you currently pregnant?', 'Are you currently pregnant?');
INSERT INTO survey_question (american, british) VALUES ('My weight has _________ within the last 6 months.', 'My weight has _________ within the last 6 months.');
INSERT INTO survey_question (american, british) VALUES ('Have you had your tonsils removed?', 'Have you had your tonsils removed?');
INSERT INTO survey_question (american, british) VALUES ('Have you had you appendix removed?', 'Have you had you appendix removed?');
INSERT INTO survey_question (american, british) VALUES ('Have you had chickenpox?', 'Have you had chickenpox?');
INSERT INTO survey_question (american, british) VALUES ('Do you currently take prescription medication for facial acne?', 'Do you currently take prescription medication for facial acne?');
INSERT INTO survey_question (american, british) VALUES ('Do you use over the counter products to control facial acne?', 'Do you use over the counter products to control facial acne?');
INSERT INTO survey_question (american, british) VALUES ('Do you currently take over the counter or prescription medication for other conditions?', 'Do you currently take over the counter or prescription medication for other conditions?');
INSERT INTO survey_question (american, british) VALUES ('Were you born via Caesarean section (C-section)?', 'Were you born via Caesarean section (C-section)?');
INSERT INTO survey_question (american, british) VALUES ('How were you fed as an infant?', 'How were you fed as an infant?');
INSERT INTO survey_question (american, british) VALUES ('Are you willing to be contacted to answer additional questions about the conditions listed above?', 'Are you willing to be contacted to answer additional questions about the conditions listed above?');
INSERT INTO survey_question (american, british) VALUES ('Do you have seasonal allergies?', 'Do you have seasonal allergies?');
INSERT INTO survey_question (american, british) VALUES ('Do you have any of the following non-food allergies? (mark all that apply)', 'Do you have any of the following non-food allergies? (mark all that apply)');
INSERT INTO survey_question (american, british) VALUES ('Are you an infant who receives most of their nutrition from breast milk or formula, or an adult who receives most (more than 75% of daily calories) of their nutrition from adult nutritional shakes (i.e. Ensure)?', 'Are you an infant who receives most of their nutrition from breast milk or formula, or an adult who receives most (more than 75% of daily calories) of their nutrition from adult nutritional shakes (i.e. Ensure)?');
INSERT INTO survey_question (american, british) VALUES ('In an average week, how often do you consume meat/eggs?', 'In an average week, how often do you consume meat/eggs?');
INSERT INTO survey_question (american, british) VALUES ('In an average week, how often do you cook and consume home cooked meals? (Exclude ready-to-eat meals like boxed macaroni and cheese, ramen noodles, lean cuisine)', 'In an average week, how often do you cook and consume home cooked meals? (Exclude ready-to-eat meals like boxed macaroni and cheese, ramen noodles, lean cuisine)');
INSERT INTO survey_question (american, british) VALUES ('In an average week, how often do you consume ready-to-eat meals (i.e macaroni and cheese, ramen noodles, lean cuisine)?', 'In an average week, how often do you consume ready-to-eat meals (i.e macaroni and cheese, ramen noodles, lean cuisine)?');
INSERT INTO survey_question (american, british) VALUES ('In an average week, how often do you eat food prepared at a restaurant, including carry-out/take-out?', 'In an average week, how often do you eat food prepared at a restaurant, including carry-out/take-out?');
INSERT INTO survey_question (american, british) VALUES ('Have you ever been diagnosed with kidney disease?', 'Have you ever been diagnosed with kidney disease?');
INSERT INTO survey_question (american, british) VALUES ('In an average week, how often to you consume at least 2-3 servings of fruit in a day?', 'In an average week, how often to you consume at least 2-3 servings of fruit in a day?');
INSERT INTO survey_question (american, british) VALUES ('In an average week, how often do you consume at least 2-3 servings of vegetables, including potatoes in a day?', 'In an average week, how often do you consume at least 2-3 servings of vegetables, including potatoes in a day?');
INSERT INTO survey_question (american, british) VALUES ('How often do you consume one or more servings of fermented vegetables in or plant products a day in an average week?', 'How often do you consume one or more servings of fermented vegetables in or plant products a day in an average week?');
INSERT INTO survey_question (american, british) VALUES ('In an average week, how often do you consume at least 2 servings of milk or cheese a day?', 'In an average week, how often do you consume at least 2 servings of milk or cheese a day?');
INSERT INTO survey_question (american, british) VALUES ('In an average week, how often do you consume milk substitutes (soy milk, lactose free milk, almond milk, etc.)?', 'In an average week, how often do you consume milk substitutes (soy milk, lactose free milk, almond milk, etc.)?');
INSERT INTO survey_question (american, british) VALUES ('How often do you eat frozen desserts (ice cream/gelato/milkshakes, sherbet/sorbet, frozen yogurt, etc.)?', 'How often do you eat frozen desserts (ice cream/gelato/milkshakes, sherbet/sorbet, frozen yogurt, etc.)?');
INSERT INTO survey_question (american, british) VALUES ('In an average week, how often do you eat red meat?', 'In an average week, how often do you eat red meat?');
INSERT INTO survey_question (american, british) VALUES ('In an average week, how often do you consume higher fat red meats like prime rib, T-bone steak, hamburger, ribs, bacon, etc.?', 'In an average week, how often do you consume higher fat red meats like prime rib, T-bone steak, hamburger, ribs, bacon, etc.?');
INSERT INTO survey_question (american, british) VALUES ('How many days in an average week do you consume chicken or turkey at least once a day?', 'How many days in an average week do you consume chicken or turkey at least once a day?');
INSERT INTO survey_question (american, british) VALUES ('How many days in an average week do you consume seafood (fish, shrimp, lobster, crab, etc.)?', 'How many days in an average week do you consume seafood (fish, shrimp, lobster, crab, etc.)?');
INSERT INTO survey_question (american, british) VALUES ('How many days in an average week do you consume salted snacks (potato chips, nacho chips, corn chips, popcorn with butter, French fries etc.)?', 'How many days in an average week do you consume salted snacks (potato chips, nacho chips, corn chips, popcorn with butter, French fries etc.)?');
INSERT INTO survey_question (american, british) VALUES ('How many days in an average week do you consume sugary sweets (cake, cookies, pastries, donuts, muffins, chocolate etc.) at least once a day', 'How many days in an average week do you consume sugary sweets (cake, cookies, pastries, donuts, muffins, chocolate etc.) at least once a day');
INSERT INTO survey_question (american, british) VALUES ('Cook with olive oil?', 'Cook with olive oil?');
INSERT INTO survey_question (american, british) VALUES ('Consume whole eggs (does not include egg beaters or just egg whites).', 'Consume whole eggs (does not include egg beaters or just egg whites).');
INSERT INTO survey_question (american, british) VALUES ('Drink 16 ounces or more of sugar sweetened beverages such as non-diet soda or fruit drink/punch (however, not including 100 % fruit juice) in a day?', 'Drink 16 ounces or more of sugar sweetened beverages such as non-diet soda or fruit drink/punch (however, not including 100 % fruit juice) in a day?');
INSERT INTO survey_question (american, british) VALUES ('Consume at least 1L (~32 ounces) of water in a day?', 'Consume at least 1L (~32 ounces) of water in a day?');
INSERT INTO survey_question (american, british) VALUES ('Have you ever been diagnosed with Autism or Autism Spectrum Disorder?', 'Have you ever been diagnosed with Autism or Autism Spectrum Disorder?');
INSERT INTO survey_question (american, british) VALUES ('Have you ever been diagnosed with small intestinal bacterial overgrowth (SIBO)?', 'Have you ever been diagnosed with small intestinal bacterial overgrowth (SIBO)?');
INSERT INTO survey_question (american, british) VALUES ('Have you ever been diagnosed with irritable bowel syndrome (IBS)?', 'Have you ever been diagnosed with irritable bowel syndrome (IBS)?');
INSERT INTO survey_question (american, british) VALUES ('Have you ever been diagnosed with Clostridium difficile (C. diff) infection?', 'Have you ever been diagnosed with Clostridium difficile (C. diff) infection?');
INSERT INTO survey_question (american, british) VALUES ('Have you ever been diagnosed with any other relevant condition?', 'Have you ever been diagnosed with any other relevant condition?');
INSERT INTO survey_question (american, british) VALUES ('Have you ever been diagnosed with diabetes?', 'Have you ever been diagnosed with diabetes?');
INSERT INTO survey_question (american, british) VALUES ('Have you ever been diagnosed with inflammatory bowel disease (IBD)?', 'Have you ever been diagnosed with inflammatory bowel disease (IBD)?');
INSERT INTO survey_question (american, british) VALUES ('Have you ever been diagnosed with Alzheimer''s Disease/Dementia?', 'Have you ever been diagnosed with Alzheimer''s Disease/Dementia?');
INSERT INTO survey_question (american, british) VALUES ('Have you ever been diagnosed with ADD/ADHD?', 'Have you ever been diagnosed with ADD/ADHD?');
INSERT INTO survey_question (american, british) VALUES ('Have you ever been diagnosed with liver disease?', 'Have you ever been diagnosed with liver disease?');
INSERT INTO survey_question (american, british) VALUES ('Have you ever been diagnosed with Autoimmune disease (i.e. Lupus, RA, MS, Hashimoto''s thyroiditis), not including IBD (irritable bowel disease) or type I diabetes?', 'Have you ever been diagnosed with Autoimmune disease (i.e. Lupus, RA, MS, Hashimoto''s thyroiditis), not including IBD (irritable bowel disease) or type I diabetes?');
INSERT INTO survey_question (american, british) VALUES ('Have you ever been diagnosed with skin Condition?', 'Have you ever been diagnosed with skin Condition?');
INSERT INTO survey_question (american, british) VALUES ('Have you ever been diagnosed with coronary artery disease, heart disease, heart attack, stroke?', 'Have you ever been diagnosed with coronary artery disease, heart disease, heart attack, stroke?');
INSERT INTO survey_question (american, british) VALUES ('Have you ever been diagnosed with epilepsy or seizure disorder?', 'Have you ever been diagnosed with epilepsy or seizure disorder?');
INSERT INTO survey_question (american, british) VALUES ('In an average week, how often do you eat at least 2 servings of whole grains in a day?', 'In an average week, how often do you eat at least 2 servings of whole grains in a day?');
INSERT INTO survey_question (american, british) VALUES ('Have you ever been diagnosed with migraines?', 'Have you ever been diagnosed with migraines?');
INSERT INTO survey_question (american, british) VALUES ('Have you ever been diagnosed with Asthma, Cystic Fibrosis or Lung Disease?', 'Have you ever been diagnosed with Asthma, Cystic Fibrosis or Lung Disease?');
INSERT INTO survey_question (american, british) VALUES ('Have you ever been diagnosed with phenylketonuria?', 'Have you ever been diagnosed with phenylketonuria?');
INSERT INTO survey_question (american, british) VALUES ('Have you ever been diagnosed with Candida or fungal overgrowth in the gut?', 'Have you ever been diagnosed with Candida or fungal overgrowth in the gut?');
INSERT INTO survey_question (american, british) VALUES ('Have you ever been diagnosed with thyroid Disease?', 'Have you ever been diagnosed with thyroid Disease?');
INSERT INTO survey_question (american, british) VALUES ('Have you ever been diagnosed with depression, bipolar disorder or schizophrenia?', 'Have you ever been diagnosed with depression, bipolar disorder or schizophrenia?');
INSERT INTO survey_question (american, british) VALUES ('Pregnancy due date:', 'Pregnancy due date:');
INSERT INTO survey_question (american, british) VALUES ('Over the counter and prescription medication:', 'Over the counter and prescription medication:');
INSERT INTO survey_question (american, british) VALUES ('Treatment for:', 'Treatment for:');
INSERT INTO survey_question (american, british) VALUES ('Indoor/outdoor or confined (cage/tank):', 'Indoor/outdoor or confined (cage/tank):');
INSERT INTO survey_question (american, british) VALUES ('Pets', 'Pets');
INSERT INTO survey_question (american, british) VALUES ('Race/ethnicity:', 'Race/ethnicity:');
INSERT INTO survey_question (american, british) VALUES ('Name:', 'Name:');
INSERT INTO survey_question (american, british) VALUES ('Dietary Supplements/Dietary Restrictions:', 'Dietary Supplements/Dietary Restrictions:');
INSERT INTO survey_question (american, british) VALUES ('Contact extent:', 'Contact extent:');
INSERT INTO survey_question (american, british) VALUES ('Other conditions you suffer from that were not listed in the diagnosed conditions question', 'Other conditions you suffer from that were not listed in the diagnosed conditions question');
INSERT INTO survey_question (american, british) VALUES ('Please write anything else about yourself that you think could affect your personal microorganisms.', 'Please write anything else about yourself that you think could affect your personal microorganisms.');
INSERT INTO survey_question (american, british) VALUES ('Travel:', 'Travel:');
INSERT INTO survey_question (american, british) VALUES ('What is your relationship to other people in this study who have voluntarily told you of their participation (e.g. partner, children, roommates)?  For children, please specify whether or not you are genetically related.  Note that we will only use information that both parties provide.', 'What is your relationship to other people in this study who have voluntarily told you of their participation (e.g. partner, children, roommates)?  For children, please specify whether or not you are genetically related.  Note that we will only use information that both parties provide.');
INSERT INTO survey_question (american, british) VALUES ('Antibiotics:', 'Antibiotics:');
INSERT INTO survey_question (american, british) VALUES ('Country of birth:', 'Country of birth:');
INSERT INTO survey_question (american, british) VALUES ('Current ZIP code:', 'Current ZIP code:');
INSERT INTO survey_question (american, british) VALUES ('Name:', 'Name:');
INSERT INTO survey_question (american, british) VALUES ('Birth date:', 'Birth date:');
INSERT INTO survey_question (american, british) VALUES ('Gender:', 'Gender:');
INSERT INTO survey_question (american, british) VALUES ('Today''s date:', 'Today''s date:');
INSERT INTO survey_question (american, british) VALUES ('Weight:', 'Weight:');
INSERT INTO survey_question (american, british) VALUES ('Height', 'Height');
-- personal prompt questions
INSERT INTO survey_question (american, british) VALUES ('Gender:', 'Gender:');
INSERT INTO survey_question (american, british) VALUES ('Height:', 'Height:');
INSERT INTO survey_question (american, british) VALUES ('Height units:', 'Height units:');
INSERT INTO survey_question (american, british) VALUES ('Country of birth:', 'Country of birth:');
INSERT INTO survey_question (american, british) VALUES ('Birth month:', 'Birth month:');
INSERT INTO survey_question (american, british) VALUES ('Birth year:', 'Birth year:');
INSERT INTO survey_question (american, british) VALUES ('Weight:', 'Weight:');
INSERT INTO survey_question (american, british) VALUES ('Weight units:', 'Weight units:');
INSERT INTO survey_question (american, british) VALUES ('Current ZIP code:', 'Current ZIP code:');
-- about yourself
INSERT INTO survey_question (american, british) VALUES ('Please write anything else about yourself that you think could affect your personal microorganisms.', 'Please write anything else about yourself that you think could affect your personal microorganisms.');

----------------------------------------------------------
-- group_questions
----------------------------------------------------------
INSERT INTO group_questions (survey_group, survey_question_id, display_index) VALUES (4, 72, 0);
INSERT INTO group_questions (survey_group, survey_question_id, display_index) VALUES (4, 71, 1);
INSERT INTO group_questions (survey_group, survey_question_id, display_index) VALUES (4, 69, 2);
INSERT INTO group_questions (survey_group, survey_question_id, display_index) VALUES (4, 74, 3);
INSERT INTO group_questions (survey_group, survey_question_id, display_index) VALUES (4, 73, 4);
INSERT INTO group_questions (survey_group, survey_question_id, display_index) VALUES (4, 70, 5);
INSERT INTO group_questions (survey_group, survey_question_id, display_index) VALUES (4, 76, 6);
INSERT INTO group_questions (survey_group, survey_question_id, display_index) VALUES (4, 75, 7);
INSERT INTO group_questions (survey_group, survey_question_id, display_index) VALUES (4, 57, 8);
INSERT INTO group_questions (survey_group, survey_question_id, display_index) VALUES (4, 63, 9);
INSERT INTO group_questions (survey_group, survey_question_id, display_index) VALUES (4, 64, 10);
INSERT INTO group_questions (survey_group, survey_question_id, display_index) VALUES (4, 65, 11);
INSERT INTO group_questions (survey_group, survey_question_id, display_index) VALUES (4, 66, 12);
INSERT INTO group_questions (survey_group, survey_question_id, display_index) VALUES (4, 59, 13);
INSERT INTO group_questions (survey_group, survey_question_id, display_index) VALUES (4, 91, 14);
INSERT INTO group_questions (survey_group, survey_question_id, display_index) VALUES (4, 61, 15);
INSERT INTO group_questions (survey_group, survey_question_id, display_index) VALUES (4, 62, 16);
INSERT INTO group_questions (survey_group, survey_question_id, display_index) VALUES (4, 67, 17);
INSERT INTO group_questions (survey_group, survey_question_id, display_index) VALUES (4, 68, 18);
INSERT INTO group_questions (survey_group, survey_question_id, display_index) VALUES (4, 58, 19);
INSERT INTO group_questions (survey_group, survey_question_id, display_index) VALUES (4, 56, 20);
INSERT INTO group_questions (survey_group, survey_question_id, display_index) VALUES (4, 55, 21);
INSERT INTO group_questions (survey_group, survey_question_id, display_index) VALUES (0, 11, 0);
INSERT INTO group_questions (survey_group, survey_question_id, display_index) VALUES (0, 12, 1);
INSERT INTO group_questions (survey_group, survey_question_id, display_index) VALUES (0, 13, 2);
INSERT INTO group_questions (survey_group, survey_question_id, display_index) VALUES (0, 9, 3);
INSERT INTO group_questions (survey_group, survey_question_id, display_index) VALUES (0, 10, 4);
INSERT INTO group_questions (survey_group, survey_question_id, display_index) VALUES (0, 7, 5);
INSERT INTO group_questions (survey_group, survey_question_id, display_index) VALUES (0, 8, 6);
INSERT INTO group_questions (survey_group, survey_question_id, display_index) VALUES (0, 5, 7);
INSERT INTO group_questions (survey_group, survey_question_id, display_index) VALUES (0, 6, 8);
INSERT INTO group_questions (survey_group, survey_question_id, display_index) VALUES (0, 3, 9);
INSERT INTO group_questions (survey_group, survey_question_id, display_index) VALUES (0, 4, 10);
INSERT INTO group_questions (survey_group, survey_question_id, display_index) VALUES (0, 1, 11);
INSERT INTO group_questions (survey_group, survey_question_id, display_index) VALUES (0, 2, 12);
INSERT INTO group_questions (survey_group, survey_question_id, display_index) VALUES (2, 25, 0);
INSERT INTO group_questions (survey_group, survey_question_id, display_index) VALUES (2, 26, 1);
INSERT INTO group_questions (survey_group, survey_question_id, display_index) VALUES (2, 27, 2);
INSERT INTO group_questions (survey_group, survey_question_id, display_index) VALUES (2, 28, 3);
INSERT INTO group_questions (survey_group, survey_question_id, display_index) VALUES (2, 24, 4);
INSERT INTO group_questions (survey_group, survey_question_id, display_index) VALUES (2, 29, 5);
INSERT INTO group_questions (survey_group, survey_question_id, display_index) VALUES (2, 30, 6);
INSERT INTO group_questions (survey_group, survey_question_id, display_index) VALUES (2, 34, 7);
INSERT INTO group_questions (survey_group, survey_question_id, display_index) VALUES (2, 33, 8);
INSERT INTO group_questions (survey_group, survey_question_id, display_index) VALUES (2, 32, 9);
INSERT INTO group_questions (survey_group, survey_question_id, display_index) VALUES (2, 31, 10);
INSERT INTO group_questions (survey_group, survey_question_id, display_index) VALUES (2, 36, 11);
INSERT INTO group_questions (survey_group, survey_question_id, display_index) VALUES (2, 35, 12);
INSERT INTO group_questions (survey_group, survey_question_id, display_index) VALUES (3, 97, 0);
INSERT INTO group_questions (survey_group, survey_question_id, display_index) VALUES (3, 84, 1);
INSERT INTO group_questions (survey_group, survey_question_id, display_index) VALUES (3, 81, 2);
INSERT INTO group_questions (survey_group, survey_question_id, display_index) VALUES (3, 96, 3);
INSERT INTO group_questions (survey_group, survey_question_id, display_index) VALUES (3, 88, 4);
INSERT INTO group_questions (survey_group, survey_question_id, display_index) VALUES (3, 78, 5);
INSERT INTO group_questions (survey_group, survey_question_id, display_index) VALUES (3, 40, 6);
INSERT INTO group_questions (survey_group, survey_question_id, display_index) VALUES (3, 39, 7);
INSERT INTO group_questions (survey_group, survey_question_id, display_index) VALUES (3, 38, 8);
INSERT INTO group_questions (survey_group, survey_question_id, display_index) VALUES (3, 37, 9);
INSERT INTO group_questions (survey_group, survey_question_id, display_index) VALUES (3, 54, 10);
INSERT INTO group_questions (survey_group, survey_question_id, display_index) VALUES (3, 53, 11);
INSERT INTO group_questions (survey_group, survey_question_id, display_index) VALUES (3, 51, 12);
INSERT INTO group_questions (survey_group, survey_question_id, display_index) VALUES (3, 52, 13);
INSERT INTO group_questions (survey_group, survey_question_id, display_index) VALUES (3, 82, 14);
INSERT INTO group_questions (survey_group, survey_question_id, display_index) VALUES (3, 90, 15);
INSERT INTO group_questions (survey_group, survey_question_id, display_index) VALUES (3, 89, 16);
INSERT INTO group_questions (survey_group, survey_question_id, display_index) VALUES (3, 92, 17);
INSERT INTO group_questions (survey_group, survey_question_id, display_index) VALUES (3, 60, 18);
INSERT INTO group_questions (survey_group, survey_question_id, display_index) VALUES (3, 79, 19);
INSERT INTO group_questions (survey_group, survey_question_id, display_index) VALUES (3, 83, 20);
INSERT INTO group_questions (survey_group, survey_question_id, display_index) VALUES (3, 86, 21);
INSERT INTO group_questions (survey_group, survey_question_id, display_index) VALUES (3, 94, 22);
INSERT INTO group_questions (survey_group, survey_question_id, display_index) VALUES (3, 49, 23);
INSERT INTO group_questions (survey_group, survey_question_id, display_index) VALUES (3, 46, 24);
INSERT INTO group_questions (survey_group, survey_question_id, display_index) VALUES (3, 50, 25);
INSERT INTO group_questions (survey_group, survey_question_id, display_index) VALUES (3, 47, 26);
INSERT INTO group_questions (survey_group, survey_question_id, display_index) VALUES (3, 48, 27);
INSERT INTO group_questions (survey_group, survey_question_id, display_index) VALUES (3, 45, 28);
INSERT INTO group_questions (survey_group, survey_question_id, display_index) VALUES (3, 43, 29);
INSERT INTO group_questions (survey_group, survey_question_id, display_index) VALUES (3, 44, 30);
INSERT INTO group_questions (survey_group, survey_question_id, display_index) VALUES (3, 41, 31);
INSERT INTO group_questions (survey_group, survey_question_id, display_index) VALUES (3, 42, 32);
INSERT INTO group_questions (survey_group, survey_question_id, display_index) VALUES (3, 85, 33);
INSERT INTO group_questions (survey_group, survey_question_id, display_index) VALUES (3, 93, 34);
INSERT INTO group_questions (survey_group, survey_question_id, display_index) VALUES (3, 87, 35);
INSERT INTO group_questions (survey_group, survey_question_id, display_index) VALUES (3, 77, 36);
INSERT INTO group_questions (survey_group, survey_question_id, display_index) VALUES (3, 80, 37);
INSERT INTO group_questions (survey_group, survey_question_id, display_index) VALUES (3, 95, 38);
INSERT INTO group_questions (survey_group, survey_question_id, display_index) VALUES (1, 23, 0);
INSERT INTO group_questions (survey_group, survey_question_id, display_index) VALUES (1, 22, 1);
INSERT INTO group_questions (survey_group, survey_question_id, display_index) VALUES (1, 21, 2);
INSERT INTO group_questions (survey_group, survey_question_id, display_index) VALUES (1, 19, 3);
INSERT INTO group_questions (survey_group, survey_question_id, display_index) VALUES (1, 20, 4);
INSERT INTO group_questions (survey_group, survey_question_id, display_index) VALUES (1, 17, 5);
INSERT INTO group_questions (survey_group, survey_question_id, display_index) VALUES (1, 18, 6);
INSERT INTO group_questions (survey_group, survey_question_id, display_index) VALUES (1, 15, 7);
INSERT INTO group_questions (survey_group, survey_question_id, display_index) VALUES (1, 16, 8);
INSERT INTO group_questions (survey_group, survey_question_id, display_index) VALUES (1, 14, 9);
-- personal prompt
INSERT INTO group_questions (survey_group, survey_question_id, display_index) VALUES (-1, 120, 0);
INSERT INTO group_questions (survey_group, survey_question_id, display_index) VALUES (-1, 121, 1);
INSERT INTO group_questions (survey_group, survey_question_id, display_index) VALUES (-1, 122, 2);
INSERT INTO group_questions (survey_group, survey_question_id, display_index) VALUES (-1, 123, 3);
INSERT INTO group_questions (survey_group, survey_question_id, display_index) VALUES (-1, 124, 4);
INSERT INTO group_questions (survey_group, survey_question_id, display_index) VALUES (-1, 125, 5);
INSERT INTO group_questions (survey_group, survey_question_id, display_index) VALUES (-1, 126, 6);
INSERT INTO group_questions (survey_group, survey_question_id, display_index) VALUES (-1, 127, 7);
INSERT INTO group_questions (survey_group, survey_question_id, display_index) VALUES (-1, 128, 8);
-- about yourself
INSERT INTO group_questions (survey_group, survey_question_id, display_index) VALUES (5, 129, 0);

----------------------------------------------------------
-- survey_response_types
----------------------------------------------------------
INSERT INTO survey_response_types (survey_response_type) VALUES ('TEXT');
INSERT INTO survey_response_types (survey_response_type) VALUES ('SINGLE');
INSERT INTO survey_response_types (survey_response_type) VALUES ('MULTIPLE');
INSERT INTO survey_response_types (survey_response_type) VALUES ('STRING');

----------------------------------------------------------
-- survey_question_response_type
----------------------------------------------------------
INSERT INTO survey_question_response_type (survey_question_id, survey_response_type) VALUES (82, 'SINGLE');
INSERT INTO survey_question_response_type (survey_question_id, survey_response_type) VALUES (90, 'SINGLE');
INSERT INTO survey_question_response_type (survey_question_id, survey_response_type) VALUES (89, 'SINGLE');
INSERT INTO survey_question_response_type (survey_question_id, survey_response_type) VALUES (97, 'SINGLE');
INSERT INTO survey_question_response_type (survey_question_id, survey_response_type) VALUES (92, 'SINGLE');
INSERT INTO survey_question_response_type (survey_question_id, survey_response_type) VALUES (60, 'SINGLE');
INSERT INTO survey_question_response_type (survey_question_id, survey_response_type) VALUES (79, 'SINGLE');
INSERT INTO survey_question_response_type (survey_question_id, survey_response_type) VALUES (83, 'SINGLE');
INSERT INTO survey_question_response_type (survey_question_id, survey_response_type) VALUES (86, 'SINGLE');
INSERT INTO survey_question_response_type (survey_question_id, survey_response_type) VALUES (94, 'SINGLE');
INSERT INTO survey_question_response_type (survey_question_id, survey_response_type) VALUES (9, 'MULTIPLE');
INSERT INTO survey_question_response_type (survey_question_id, survey_response_type) VALUES (10, 'SINGLE');
INSERT INTO survey_question_response_type (survey_question_id, survey_response_type) VALUES (7, 'SINGLE');
INSERT INTO survey_question_response_type (survey_question_id, survey_response_type) VALUES (8, 'SINGLE');
INSERT INTO survey_question_response_type (survey_question_id, survey_response_type) VALUES (5, 'SINGLE');
INSERT INTO survey_question_response_type (survey_question_id, survey_response_type) VALUES (6, 'SINGLE');
INSERT INTO survey_question_response_type (survey_question_id, survey_response_type) VALUES (3, 'SINGLE');
INSERT INTO survey_question_response_type (survey_question_id, survey_response_type) VALUES (4, 'SINGLE');
INSERT INTO survey_question_response_type (survey_question_id, survey_response_type) VALUES (1, 'SINGLE');
INSERT INTO survey_question_response_type (survey_question_id, survey_response_type) VALUES (2, 'SINGLE');
INSERT INTO survey_question_response_type (survey_question_id, survey_response_type) VALUES (72, 'SINGLE');
INSERT INTO survey_question_response_type (survey_question_id, survey_response_type) VALUES (71, 'SINGLE');
INSERT INTO survey_question_response_type (survey_question_id, survey_response_type) VALUES (70, 'SINGLE');
INSERT INTO survey_question_response_type (survey_question_id, survey_response_type) VALUES (69, 'SINGLE');
INSERT INTO survey_question_response_type (survey_question_id, survey_response_type) VALUES (76, 'SINGLE');
INSERT INTO survey_question_response_type (survey_question_id, survey_response_type) VALUES (75, 'SINGLE');
INSERT INTO survey_question_response_type (survey_question_id, survey_response_type) VALUES (74, 'SINGLE');
INSERT INTO survey_question_response_type (survey_question_id, survey_response_type) VALUES (73, 'SINGLE');
INSERT INTO survey_question_response_type (survey_question_id, survey_response_type) VALUES (81, 'SINGLE');
INSERT INTO survey_question_response_type (survey_question_id, survey_response_type) VALUES (96, 'SINGLE');
INSERT INTO survey_question_response_type (survey_question_id, survey_response_type) VALUES (88, 'SINGLE');
INSERT INTO survey_question_response_type (survey_question_id, survey_response_type) VALUES (78, 'SINGLE');
INSERT INTO survey_question_response_type (survey_question_id, survey_response_type) VALUES (11, 'SINGLE');
INSERT INTO survey_question_response_type (survey_question_id, survey_response_type) VALUES (12, 'SINGLE');
INSERT INTO survey_question_response_type (survey_question_id, survey_response_type) VALUES (13, 'SINGLE');
INSERT INTO survey_question_response_type (survey_question_id, survey_response_type) VALUES (23, 'SINGLE');
INSERT INTO survey_question_response_type (survey_question_id, survey_response_type) VALUES (22, 'SINGLE');
INSERT INTO survey_question_response_type (survey_question_id, survey_response_type) VALUES (21, 'SINGLE');
INSERT INTO survey_question_response_type (survey_question_id, survey_response_type) VALUES (63, 'SINGLE');
INSERT INTO survey_question_response_type (survey_question_id, survey_response_type) VALUES (64, 'SINGLE');
INSERT INTO survey_question_response_type (survey_question_id, survey_response_type) VALUES (65, 'SINGLE');
INSERT INTO survey_question_response_type (survey_question_id, survey_response_type) VALUES (66, 'SINGLE');
INSERT INTO survey_question_response_type (survey_question_id, survey_response_type) VALUES (59, 'SINGLE');
INSERT INTO survey_question_response_type (survey_question_id, survey_response_type) VALUES (91, 'SINGLE');
INSERT INTO survey_question_response_type (survey_question_id, survey_response_type) VALUES (61, 'SINGLE');
INSERT INTO survey_question_response_type (survey_question_id, survey_response_type) VALUES (62, 'SINGLE');
INSERT INTO survey_question_response_type (survey_question_id, survey_response_type) VALUES (67, 'SINGLE');
INSERT INTO survey_question_response_type (survey_question_id, survey_response_type) VALUES (68, 'SINGLE');
INSERT INTO survey_question_response_type (survey_question_id, survey_response_type) VALUES (17, 'SINGLE');
INSERT INTO survey_question_response_type (survey_question_id, survey_response_type) VALUES (33, 'SINGLE');
INSERT INTO survey_question_response_type (survey_question_id, survey_response_type) VALUES (58, 'SINGLE');
INSERT INTO survey_question_response_type (survey_question_id, survey_response_type) VALUES (15, 'SINGLE');
INSERT INTO survey_question_response_type (survey_question_id, survey_response_type) VALUES (84, 'SINGLE');
INSERT INTO survey_question_response_type (survey_question_id, survey_response_type) VALUES (31, 'SINGLE');
INSERT INTO survey_question_response_type (survey_question_id, survey_response_type) VALUES (40, 'SINGLE');
INSERT INTO survey_question_response_type (survey_question_id, survey_response_type) VALUES (39, 'SINGLE');
INSERT INTO survey_question_response_type (survey_question_id, survey_response_type) VALUES (38, 'SINGLE');
INSERT INTO survey_question_response_type (survey_question_id, survey_response_type) VALUES (37, 'SINGLE');
INSERT INTO survey_question_response_type (survey_question_id, survey_response_type) VALUES (19, 'SINGLE');
INSERT INTO survey_question_response_type (survey_question_id, survey_response_type) VALUES (20, 'SINGLE');
INSERT INTO survey_question_response_type (survey_question_id, survey_response_type) VALUES (34, 'SINGLE');
INSERT INTO survey_question_response_type (survey_question_id, survey_response_type) VALUES (18, 'SINGLE');
INSERT INTO survey_question_response_type (survey_question_id, survey_response_type) VALUES (32, 'SINGLE');
INSERT INTO survey_question_response_type (survey_question_id, survey_response_type) VALUES (16, 'SINGLE');
INSERT INTO survey_question_response_type (survey_question_id, survey_response_type) VALUES (14, 'SINGLE');
INSERT INTO survey_question_response_type (survey_question_id, survey_response_type) VALUES (36, 'SINGLE');
INSERT INTO survey_question_response_type (survey_question_id, survey_response_type) VALUES (35, 'SINGLE');
INSERT INTO survey_question_response_type (survey_question_id, survey_response_type) VALUES (49, 'SINGLE');
INSERT INTO survey_question_response_type (survey_question_id, survey_response_type) VALUES (50, 'SINGLE');
INSERT INTO survey_question_response_type (survey_question_id, survey_response_type) VALUES (47, 'SINGLE');
INSERT INTO survey_question_response_type (survey_question_id, survey_response_type) VALUES (48, 'SINGLE');
INSERT INTO survey_question_response_type (survey_question_id, survey_response_type) VALUES (45, 'SINGLE');
INSERT INTO survey_question_response_type (survey_question_id, survey_response_type) VALUES (46, 'SINGLE');
INSERT INTO survey_question_response_type (survey_question_id, survey_response_type) VALUES (43, 'SINGLE');
INSERT INTO survey_question_response_type (survey_question_id, survey_response_type) VALUES (44, 'SINGLE');
INSERT INTO survey_question_response_type (survey_question_id, survey_response_type) VALUES (41, 'SINGLE');
INSERT INTO survey_question_response_type (survey_question_id, survey_response_type) VALUES (42, 'SINGLE');
INSERT INTO survey_question_response_type (survey_question_id, survey_response_type) VALUES (25, 'SINGLE');
INSERT INTO survey_question_response_type (survey_question_id, survey_response_type) VALUES (26, 'SINGLE');
INSERT INTO survey_question_response_type (survey_question_id, survey_response_type) VALUES (27, 'SINGLE');
INSERT INTO survey_question_response_type (survey_question_id, survey_response_type) VALUES (28, 'SINGLE');
INSERT INTO survey_question_response_type (survey_question_id, survey_response_type) VALUES (24, 'SINGLE');
INSERT INTO survey_question_response_type (survey_question_id, survey_response_type) VALUES (29, 'SINGLE');
INSERT INTO survey_question_response_type (survey_question_id, survey_response_type) VALUES (30, 'MULTIPLE');
INSERT INTO survey_question_response_type (survey_question_id, survey_response_type) VALUES (54, 'MULTIPLE');
INSERT INTO survey_question_response_type (survey_question_id, survey_response_type) VALUES (53, 'SINGLE');
INSERT INTO survey_question_response_type (survey_question_id, survey_response_type) VALUES (51, 'SINGLE');
INSERT INTO survey_question_response_type (survey_question_id, survey_response_type) VALUES (52, 'SINGLE');
INSERT INTO survey_question_response_type (survey_question_id, survey_response_type) VALUES (85, 'SINGLE');
INSERT INTO survey_question_response_type (survey_question_id, survey_response_type) VALUES (93, 'SINGLE');
INSERT INTO survey_question_response_type (survey_question_id, survey_response_type) VALUES (57, 'SINGLE');
INSERT INTO survey_question_response_type (survey_question_id, survey_response_type) VALUES (87, 'SINGLE');
INSERT INTO survey_question_response_type (survey_question_id, survey_response_type) VALUES (77, 'SINGLE');
INSERT INTO survey_question_response_type (survey_question_id, survey_response_type) VALUES (80, 'SINGLE');
INSERT INTO survey_question_response_type (survey_question_id, survey_response_type) VALUES (95, 'SINGLE');
INSERT INTO survey_question_response_type (survey_question_id, survey_response_type) VALUES (56, 'SINGLE');
INSERT INTO survey_question_response_type (survey_question_id, survey_response_type) VALUES (55, 'SINGLE');
INSERT INTO survey_question_response_type (survey_question_id, survey_response_type) VALUES (110, 'TEXT');
INSERT INTO survey_question_response_type (survey_question_id, survey_response_type) VALUES (111, 'TEXT');
INSERT INTO survey_question_response_type (survey_question_id, survey_response_type) VALUES (112, 'TEXT');
INSERT INTO survey_question_response_type (survey_question_id, survey_response_type) VALUES (113, 'TEXT');
INSERT INTO survey_question_response_type (survey_question_id, survey_response_type) VALUES (114, 'TEXT');
INSERT INTO survey_question_response_type (survey_question_id, survey_response_type) VALUES (115, 'TEXT');
INSERT INTO survey_question_response_type (survey_question_id, survey_response_type) VALUES (116, 'TEXT');
INSERT INTO survey_question_response_type (survey_question_id, survey_response_type) VALUES (117, 'TEXT');
INSERT INTO survey_question_response_type (survey_question_id, survey_response_type) VALUES (97, 'TEXT');
INSERT INTO survey_question_response_type (survey_question_id, survey_response_type) VALUES (98, 'TEXT');
INSERT INTO survey_question_response_type (survey_question_id, survey_response_type) VALUES (108, 'TEXT');
INSERT INTO survey_question_response_type (survey_question_id, survey_response_type) VALUES (99, 'TEXT');
INSERT INTO survey_question_response_type (survey_question_id, survey_response_type) VALUES (100, 'TEXT');
INSERT INTO survey_question_response_type (survey_question_id, survey_response_type) VALUES (101, 'TEXT');
INSERT INTO survey_question_response_type (survey_question_id, survey_response_type) VALUES (102, 'TEXT');
INSERT INTO survey_question_response_type (survey_question_id, survey_response_type) VALUES (103, 'TEXT');
INSERT INTO survey_question_response_type (survey_question_id, survey_response_type) VALUES (104, 'TEXT');
INSERT INTO survey_question_response_type (survey_question_id, survey_response_type) VALUES (105, 'TEXT');
INSERT INTO survey_question_response_type (survey_question_id, survey_response_type) VALUES (106, 'TEXT');
INSERT INTO survey_question_response_type (survey_question_id, survey_response_type) VALUES (107, 'TEXT');
INSERT INTO survey_question_response_type (survey_question_id, survey_response_type) VALUES (109, 'TEXT');
INSERT INTO survey_question_response_type (survey_question_id, survey_response_type) VALUES (110, 'TEXT');
-- personal prompt
INSERT INTO survey_question_response_type (survey_question_id, survey_response_type) VALUES (120, 'STRING');
INSERT INTO survey_question_response_type (survey_question_id, survey_response_type) VALUES (121, 'STRING');
INSERT INTO survey_question_response_type (survey_question_id, survey_response_type) VALUES (122, 'STRING');
INSERT INTO survey_question_response_type (survey_question_id, survey_response_type) VALUES (123, 'STRING');
INSERT INTO survey_question_response_type (survey_question_id, survey_response_type) VALUES (124, 'STRING');
INSERT INTO survey_question_response_type (survey_question_id, survey_response_type) VALUES (125, 'STRING');
INSERT INTO survey_question_response_type (survey_question_id, survey_response_type) VALUES (126, 'STRING');
INSERT INTO survey_question_response_type (survey_question_id, survey_response_type) VALUES (127, 'STRING');
INSERT INTO survey_question_response_type (survey_question_id, survey_response_type) VALUES (128, 'STRING');
-- about yourself
INSERT INTO survey_question_response_type (survey_question_id, survey_response_type) VALUES (129, 'TEXT');

----------------------------------------------------------
-- survey_response
----------------------------------------------------------
INSERT INTO survey_response (american, british) VALUES ('Did not complete high school', 'Did not complete high school');
INSERT INTO survey_response (american, british) VALUES ('Five or more', 'Five or more');
INSERT INTO survey_response (american, british) VALUES ('I eat both solid food and formula/breast milk', 'I eat both solid food and formula/breast milk');
INSERT INTO survey_response (american, british) VALUES ('Beestings', 'Beestings');
INSERT INTO survey_response (american, british) VALUES ('Remained stable', 'Remained stable');
INSERT INTO survey_response (american, british) VALUES ('High School or GED equilivant', 'High School or GED equilivant');
INSERT INTO survey_response (american, british) VALUES ('Self-diagnosed', 'Self-diagnosed');
INSERT INTO survey_response (american, british) VALUES ('I tend to have normal formed stool', 'I tend to have normal formed stool');
INSERT INTO survey_response (american, british) VALUES ('Red wine', 'Red wine');
INSERT INTO survey_response (american, british) VALUES ('Tree nuts', 'Tree nuts');
INSERT INTO survey_response (american, british) VALUES ('Bottled', 'Bottled');
INSERT INTO survey_response (american, british) VALUES ('Both', 'Both');
INSERT INTO survey_response (american, british) VALUES ('Three', 'Three');
INSERT INTO survey_response (american, british) VALUES ('Yes, I use the NuvaRing', 'Yes, I use the NuvaRing');
INSERT INTO survey_response (american, british) VALUES ('Decreased more than 10 pounds', 'Decreased more than 10 pounds');
INSERT INTO survey_response (american, british) VALUES ('Graduate or Professional degree', 'Graduate or Professional degree');
INSERT INTO survey_response (american, british) VALUES ('Drug (e.g. Penicillin)', 'Drug (e.g. Penicillin)');
INSERT INTO survey_response (american, british) VALUES ('Sour beers', 'Sour beers');
INSERT INTO survey_response (american, british) VALUES ('Four', 'Four');
INSERT INTO survey_response (american, british) VALUES ('Rarely (less than once/week)', 'Rarely (less than once/week)');
INSERT INTO survey_response (american, british) VALUES ('I use deodorant', 'I use deodorant');
INSERT INTO survey_response (american, british) VALUES ('Sun', 'Sun');
INSERT INTO survey_response (american, british) VALUES ('Some college or technical school', 'Some college or technical school');
INSERT INTO survey_response (american, british) VALUES ('White wine', 'White wine');
INSERT INTO survey_response (american, british) VALUES ('Peanuts', 'Peanuts');
INSERT INTO survey_response (american, british) VALUES ('Less than one', 'Less than one');
INSERT INTO survey_response (american, british) VALUES ('I was diagnosed with gluten allergy (anti-gluten IgG), but not celiac disease', 'I was diagnosed with gluten allergy (anti-gluten IgG), but not celiac disease');
INSERT INTO survey_response (american, british) VALUES ('Bachelor''s degree', 'Bachelor''s degree');
INSERT INTO survey_response (american, british) VALUES ('Not sure', 'Not sure');
INSERT INTO survey_response (american, british) VALUES ('Yes, I am taking the "pill"', 'Yes, I am taking the "pill"');
INSERT INTO survey_response (american, british) VALUES ('Within the past month', 'Within the past month');
INSERT INTO survey_response (american, british) VALUES ('Increased more than 10 pounds', 'Increased more than 10 pounds');
INSERT INTO survey_response (american, british) VALUES ('1 year', '1 year');
INSERT INTO survey_response (american, british) VALUES ('Pet dander', 'Pet dander');
INSERT INTO survey_response (american, british) VALUES ('None', 'None');
INSERT INTO survey_response (american, british) VALUES ('I am right handed', 'I am right handed');
INSERT INTO survey_response (american, british) VALUES ('Rarely (a few times/month)', 'Rarely (a few times/month)');
INSERT INTO survey_response (american, british) VALUES ('Daily', 'Daily');
INSERT INTO survey_response (american, british) VALUES ('City', 'City');
INSERT INTO survey_response (american, british) VALUES ('6-7 hours', '6-7 hours');
INSERT INTO survey_response (american, british) VALUES ('Outdoors', 'Outdoors');
INSERT INTO survey_response (american, british) VALUES ('7-8 hours', '7-8 hours');
INSERT INTO survey_response (american, british) VALUES ('I don''t know, I do not have a point of reference', 'I don''t know, I do not have a point of reference');
INSERT INTO survey_response (american, british) VALUES ('I was diagnosed with celiac disease', 'I was diagnosed with celiac disease');
INSERT INTO survey_response (american, british) VALUES ('I do not have this condition', 'I do not have this condition');
INSERT INTO survey_response (american, british) VALUES ('Month', 'Month');
INSERT INTO survey_response (american, british) VALUES ('Less than 5 hours', 'Less than 5 hours');
INSERT INTO survey_response (american, british) VALUES ('Occasionally (1-2 times/week)', 'Occasionally (1-2 times/week)');
INSERT INTO survey_response (american, british) VALUES ('Asian or Pacific Islander', 'Asian or Pacific Islander');
INSERT INTO survey_response (american, british) VALUES ('Yes', 'Yes');
INSERT INTO survey_response (american, british) VALUES ('I have not been outside of the United States in the past year.', 'I have not been outside of the United States in the past year.');
INSERT INTO survey_response (american, british) VALUES ('8 or more hours', '8 or more hours');
INSERT INTO survey_response (american, british) VALUES ('I use an antiperspirant', 'I use an antiperspirant');
INSERT INTO survey_response (american, british) VALUES ('Shellfish', 'Shellfish');
INSERT INTO survey_response (american, british) VALUES ('No', 'No');
INSERT INTO survey_response (american, british) VALUES ('Within the past 3 months', 'Within the past 3 months');
INSERT INTO survey_response (american, british) VALUES ('Two', 'Two');
INSERT INTO survey_response (american, british) VALUES ('Unspecified', 'Unspecified');
INSERT INTO survey_response (american, british) VALUES ('Primarily breast milk', 'Primarily breast milk');
INSERT INTO survey_response (american, british) VALUES ('Filtered', 'Filtered');
INSERT INTO survey_response (american, british) VALUES ('6 months', '6 months');
INSERT INTO survey_response (american, british) VALUES ('Week', 'Week');
INSERT INTO survey_response (american, british) VALUES ('I have not taken antibiotics in the past year.', 'I have not taken antibiotics in the past year.');
INSERT INTO survey_response (american, british) VALUES ('Yes, I use a contraceptive patch (Ortho-Evra)', 'Yes, I use a contraceptive patch (Ortho-Evra)');
INSERT INTO survey_response (american, british) VALUES ('Vegan', 'Vegan');
INSERT INTO survey_response (american, british) VALUES ('Diagnosed by a medical professional (doctor, physician assistant)', 'Diagnosed by a medical professional (doctor, physician assistant)');
INSERT INTO survey_response (american, british) VALUES ('Vegetarian but eat seafood', 'Vegetarian but eat seafood');
INSERT INTO survey_response (american, british) VALUES ('Poison ivy/oak', 'Poison ivy/oak');
INSERT INTO survey_response (american, british) VALUES ('3 months', '3 months');
INSERT INTO survey_response (american, british) VALUES ('Vegetarian', 'Vegetarian');
INSERT INTO survey_response (american, british) VALUES ('Well', 'Well');
INSERT INTO survey_response (american, british) VALUES ('I tend to have diarrhea (watery stool)', 'I tend to have diarrhea (watery stool)');
INSERT INTO survey_response (american, british) VALUES ('Omnivore but do not eat red meat', 'Omnivore but do not eat red meat');
INSERT INTO survey_response (american, british) VALUES ('Hispanic', 'Hispanic');
INSERT INTO survey_response (american, british) VALUES ('Associate''s degree', 'Associate''s degree');
INSERT INTO survey_response (american, british) VALUES ('Primarily infant formula', 'Primarily infant formula');
INSERT INTO survey_response (american, british) VALUES ('Diagnosed by an alternative medicine practitioner', 'Diagnosed by an alternative medicine practitioner');
INSERT INTO survey_response (american, british) VALUES ('African American', 'African American');
INSERT INTO survey_response (american, british) VALUES ('5-6 hours', '5-6 hours');
INSERT INTO survey_response (american, british) VALUES ('Within the past 6 months', 'Within the past 6 months');
INSERT INTO survey_response (american, british) VALUES ('I have no food allergies that I know of.', 'I have no food allergies that I know of.');
INSERT INTO survey_response (american, british) VALUES ('More than three', 'More than three');
INSERT INTO survey_response (american, british) VALUES ('Omnivore', 'Omnivore');
INSERT INTO survey_response (american, british) VALUES ('Some graduate school or professional', 'Some graduate school or professional');
INSERT INTO survey_response (american, british) VALUES ('Other', 'Other');
INSERT INTO survey_response (american, british) VALUES ('I am ambidextrous', 'I am ambidextrous');
INSERT INTO survey_response (american, british) VALUES ('Caucasian', 'Caucasian');
INSERT INTO survey_response (american, british) VALUES ('Within the past year', 'Within the past year');
INSERT INTO survey_response (american, british) VALUES ('I do not use deodorant or an antiperspirant', 'I do not use deodorant or an antiperspirant');
INSERT INTO survey_response (american, british) VALUES ('Never', 'Never');
INSERT INTO survey_response (american, british) VALUES ('Yes, I use an injected contraceptive (DMPA)', 'Yes, I use an injected contraceptive (DMPA)');
INSERT INTO survey_response (american, british) VALUES ('Beer/Cider', 'Beer/Cider');
INSERT INTO survey_response (american, british) VALUES ('Depends on the season', 'Depends on the season');
INSERT INTO survey_response (american, british) VALUES ('None of the above', 'None of the above');
INSERT INTO survey_response (american, british) VALUES ('A mixture of breast milk and formula', 'A mixture of breast milk and formula');
INSERT INTO survey_response (american, british) VALUES ('Not sure, but I use some form of deodorant/antiperspirant', 'Not sure, but I use some form of deodorant/antiperspirant');
INSERT INTO survey_response (american, british) VALUES ('I do not eat gluten because it makes me feel bad', 'I do not eat gluten because it makes me feel bad');
INSERT INTO survey_response (american, british) VALUES ('I have lived in my current state of residence for more than a year.', 'I have lived in my current state of residence for more than a year.');
INSERT INTO survey_response (american, british) VALUES ('Spirits/hard alcohol', 'Spirits/hard alcohol');
INSERT INTO survey_response (american, british) VALUES ('I tend to be constipated (have difficulty passing stool)', 'I tend to be constipated (have difficulty passing stool)');
INSERT INTO survey_response (american, british) VALUES ('One', 'One');
INSERT INTO survey_response (american, british) VALUES ('Indoors', 'Indoors');
INSERT INTO survey_response (american, british) VALUES ('Year', 'Year');
INSERT INTO survey_response (american, british) VALUES ('I am left handed', 'I am left handed');
INSERT INTO survey_response (american, british) VALUES ('I have not gotten the flu vaccine in the past year.', 'I have not gotten the flu vaccine in the past year.');
INSERT INTO survey_response (american, british) VALUES ('Yes, I use a hormonal IUD (Mirena)', 'Yes, I use a hormonal IUD (Mirena)');
INSERT INTO survey_response (american, british) VALUES ('Regularly (3-5 times/week)', 'Regularly (3-5 times/week)');

----------------------------------------------------------
-- survey_question_response
----------------------------------------------------------
INSERT INTO survey_question_response (survey_question_id, response, display_index) VALUES (1, 'Unspecified', 0);
INSERT INTO survey_question_response (survey_question_id, response, display_index) VALUES (1, 'Omnivore', 1);
INSERT INTO survey_question_response (survey_question_id, response, display_index) VALUES (1, 'Omnivore but do not eat red meat', 2);
INSERT INTO survey_question_response (survey_question_id, response, display_index) VALUES (1, 'Vegetarian', 3);
INSERT INTO survey_question_response (survey_question_id, response, display_index) VALUES (1, 'Vegetarian but eat seafood', 4);
INSERT INTO survey_question_response (survey_question_id, response, display_index) VALUES (1, 'Vegan', 5);
INSERT INTO survey_question_response (survey_question_id, response, display_index) VALUES (2, 'Unspecified', 0);
INSERT INTO survey_question_response (survey_question_id, response, display_index) VALUES (2, 'Yes', 1);
INSERT INTO survey_question_response (survey_question_id, response, display_index) VALUES (2, 'No', 2);
INSERT INTO survey_question_response (survey_question_id, response, display_index) VALUES (3, 'Unspecified', 0);
INSERT INTO survey_question_response (survey_question_id, response, display_index) VALUES (3, 'Never', 1);
INSERT INTO survey_question_response (survey_question_id, response, display_index) VALUES (3, 'Rarely (a few times/month)', 2);
INSERT INTO survey_question_response (survey_question_id, response, display_index) VALUES (3, 'Occasionally (1-2 times/week)', 3);
INSERT INTO survey_question_response (survey_question_id, response, display_index) VALUES (3, 'Regularly (3-5 times/week)', 4);
INSERT INTO survey_question_response (survey_question_id, response, display_index) VALUES (3, 'Daily', 5);
INSERT INTO survey_question_response (survey_question_id, response, display_index) VALUES (4, 'Unspecified', 0);
INSERT INTO survey_question_response (survey_question_id, response, display_index) VALUES (4, 'Never', 1);
INSERT INTO survey_question_response (survey_question_id, response, display_index) VALUES (4, 'Rarely (a few times/month)', 2);
INSERT INTO survey_question_response (survey_question_id, response, display_index) VALUES (4, 'Occasionally (1-2 times/week)', 3);
INSERT INTO survey_question_response (survey_question_id, response, display_index) VALUES (4, 'Regularly (3-5 times/week)', 4);
INSERT INTO survey_question_response (survey_question_id, response, display_index) VALUES (4, 'Daily', 5);
INSERT INTO survey_question_response (survey_question_id, response, display_index) VALUES (5, 'Unspecified', 0);
INSERT INTO survey_question_response (survey_question_id, response, display_index) VALUES (5, 'Never', 1);
INSERT INTO survey_question_response (survey_question_id, response, display_index) VALUES (5, 'Rarely (a few times/month)', 2);
INSERT INTO survey_question_response (survey_question_id, response, display_index) VALUES (5, 'Occasionally (1-2 times/week)', 3);
INSERT INTO survey_question_response (survey_question_id, response, display_index) VALUES (5, 'Regularly (3-5 times/week)', 4);
INSERT INTO survey_question_response (survey_question_id, response, display_index) VALUES (5, 'Daily', 5);
INSERT INTO survey_question_response (survey_question_id, response, display_index) VALUES (6, 'Unspecified', 0);
INSERT INTO survey_question_response (survey_question_id, response, display_index) VALUES (6, 'Yes', 1);
INSERT INTO survey_question_response (survey_question_id, response, display_index) VALUES (6, 'No', 2);
INSERT INTO survey_question_response (survey_question_id, response, display_index) VALUES (7, 'Unspecified', 0);
INSERT INTO survey_question_response (survey_question_id, response, display_index) VALUES (7, 'Yes', 1);
INSERT INTO survey_question_response (survey_question_id, response, display_index) VALUES (7, 'No', 2);
INSERT INTO survey_question_response (survey_question_id, response, display_index) VALUES (8, 'Unspecified', 0);
INSERT INTO survey_question_response (survey_question_id, response, display_index) VALUES (8, 'I was diagnosed with celiac disease', 1);
INSERT INTO survey_question_response (survey_question_id, response, display_index) VALUES (8, 'I was diagnosed with gluten allergy (anti-gluten IgG), but not celiac disease', 2);
INSERT INTO survey_question_response (survey_question_id, response, display_index) VALUES (8, 'I do not eat gluten because it makes me feel bad', 3);
INSERT INTO survey_question_response (survey_question_id, response, display_index) VALUES (8, 'No', 4);
INSERT INTO survey_question_response (survey_question_id, response, display_index) VALUES (9, 'Peanuts', 1);
INSERT INTO survey_question_response (survey_question_id, response, display_index) VALUES (9, 'Tree nuts', 2);
INSERT INTO survey_question_response (survey_question_id, response, display_index) VALUES (9, 'Shellfish', 3);
INSERT INTO survey_question_response (survey_question_id, response, display_index) VALUES (9, 'Other', 4);
INSERT INTO survey_question_response (survey_question_id, response, display_index) VALUES (9, 'I have no food allergies that I know of.', 5);
INSERT INTO survey_question_response (survey_question_id, response, display_index) VALUES (10, 'Unspecified', 0);
INSERT INTO survey_question_response (survey_question_id, response, display_index) VALUES (10, 'Yes', 1);
INSERT INTO survey_question_response (survey_question_id, response, display_index) VALUES (10, 'No', 2);
INSERT INTO survey_question_response (survey_question_id, response, display_index) VALUES (11, 'Unspecified', 0);
INSERT INTO survey_question_response (survey_question_id, response, display_index) VALUES (11, 'Yes', 1);
INSERT INTO survey_question_response (survey_question_id, response, display_index) VALUES (11, 'No', 2);
INSERT INTO survey_question_response (survey_question_id, response, display_index) VALUES (11, 'Not sure', 3);
INSERT INTO survey_question_response (survey_question_id, response, display_index) VALUES (12, 'Unspecified', 0);
INSERT INTO survey_question_response (survey_question_id, response, display_index) VALUES (12, 'Yes', 1);
INSERT INTO survey_question_response (survey_question_id, response, display_index) VALUES (12, 'No', 2);
INSERT INTO survey_question_response (survey_question_id, response, display_index) VALUES (13, 'Unspecified', 0);
INSERT INTO survey_question_response (survey_question_id, response, display_index) VALUES (13, 'City', 1);
INSERT INTO survey_question_response (survey_question_id, response, display_index) VALUES (13, 'Well', 2);
INSERT INTO survey_question_response (survey_question_id, response, display_index) VALUES (13, 'Bottled', 3);
INSERT INTO survey_question_response (survey_question_id, response, display_index) VALUES (13, 'Filtered', 4);
INSERT INTO survey_question_response (survey_question_id, response, display_index) VALUES (13, 'Not sure', 5);
INSERT INTO survey_question_response (survey_question_id, response, display_index) VALUES (14, 'Unspecified', 0);
INSERT INTO survey_question_response (survey_question_id, response, display_index) VALUES (14, 'Caucasian', 1);
INSERT INTO survey_question_response (survey_question_id, response, display_index) VALUES (14, 'Asian or Pacific Islander', 2);
INSERT INTO survey_question_response (survey_question_id, response, display_index) VALUES (14, 'African American', 3);
INSERT INTO survey_question_response (survey_question_id, response, display_index) VALUES (14, 'Hispanic', 4);
INSERT INTO survey_question_response (survey_question_id, response, display_index) VALUES (14, 'Other', 5);
INSERT INTO survey_question_response (survey_question_id, response, display_index) VALUES (15, 'Unspecified', 0);
INSERT INTO survey_question_response (survey_question_id, response, display_index) VALUES (15, 'Within the past month', 1);
INSERT INTO survey_question_response (survey_question_id, response, display_index) VALUES (15, 'Within the past 3 months', 2);
INSERT INTO survey_question_response (survey_question_id, response, display_index) VALUES (15, 'Within the past 6 months', 3);
INSERT INTO survey_question_response (survey_question_id, response, display_index) VALUES (15, 'Within the past year', 4);
INSERT INTO survey_question_response (survey_question_id, response, display_index) VALUES (15, 'I have lived in my current state of residence for more than a year.', 5);
INSERT INTO survey_question_response (survey_question_id, response, display_index) VALUES (16, 'Unspecified', 0);
INSERT INTO survey_question_response (survey_question_id, response, display_index) VALUES (16, 'Month', 1);
INSERT INTO survey_question_response (survey_question_id, response, display_index) VALUES (16, '3 months', 2);
INSERT INTO survey_question_response (survey_question_id, response, display_index) VALUES (16, '6 months', 3);
INSERT INTO survey_question_response (survey_question_id, response, display_index) VALUES (16, '1 year', 4);
INSERT INTO survey_question_response (survey_question_id, response, display_index) VALUES (16, 'I have not been outside of the United States in the past year.', 5);
INSERT INTO survey_question_response (survey_question_id, response, display_index) VALUES (17, 'Unspecified', 0);
INSERT INTO survey_question_response (survey_question_id, response, display_index) VALUES (17, 'None', 1);
INSERT INTO survey_question_response (survey_question_id, response, display_index) VALUES (17, 'One', 2);
INSERT INTO survey_question_response (survey_question_id, response, display_index) VALUES (17, 'Two', 3);
INSERT INTO survey_question_response (survey_question_id, response, display_index) VALUES (17, 'Three', 4);
INSERT INTO survey_question_response (survey_question_id, response, display_index) VALUES (17, 'More than three', 5);
INSERT INTO survey_question_response (survey_question_id, response, display_index) VALUES (18, 'Unspecified', 0);
INSERT INTO survey_question_response (survey_question_id, response, display_index) VALUES (18, 'Yes', 1);
INSERT INTO survey_question_response (survey_question_id, response, display_index) VALUES (18, 'No', 2);
INSERT INTO survey_question_response (survey_question_id, response, display_index) VALUES (18, 'Not sure', 3);
INSERT INTO survey_question_response (survey_question_id, response, display_index) VALUES (19, 'Unspecified', 0);
INSERT INTO survey_question_response (survey_question_id, response, display_index) VALUES (19, 'Yes', 1);
INSERT INTO survey_question_response (survey_question_id, response, display_index) VALUES (19, 'No', 2);
INSERT INTO survey_question_response (survey_question_id, response, display_index) VALUES (19, 'Not sure', 3);
INSERT INTO survey_question_response (survey_question_id, response, display_index) VALUES (20, 'Unspecified', 0);
INSERT INTO survey_question_response (survey_question_id, response, display_index) VALUES (20, 'Yes', 1);
INSERT INTO survey_question_response (survey_question_id, response, display_index) VALUES (20, 'No', 2);
INSERT INTO survey_question_response (survey_question_id, response, display_index) VALUES (79, 'Unspecified', 0);
INSERT INTO survey_question_response (survey_question_id, response, display_index) VALUES (79, 'I do not have this condition', 1);
INSERT INTO survey_question_response (survey_question_id, response, display_index) VALUES (79, 'Diagnosed by a medical professional (doctor, physician assistant)', 2);
INSERT INTO survey_question_response (survey_question_id, response, display_index) VALUES (79, 'Diagnosed by an alternative medicine practitioner', 3);
INSERT INTO survey_question_response (survey_question_id, response, display_index) VALUES (79, 'Self-diagnosed', 4);
INSERT INTO survey_question_response (survey_question_id, response, display_index) VALUES (22, 'Unspecified', 0);
INSERT INTO survey_question_response (survey_question_id, response, display_index) VALUES (22, 'I am right handed', 1);
INSERT INTO survey_question_response (survey_question_id, response, display_index) VALUES (22, 'I am left handed', 2);
INSERT INTO survey_question_response (survey_question_id, response, display_index) VALUES (22, 'I am ambidextrous', 3);
INSERT INTO survey_question_response (survey_question_id, response, display_index) VALUES (23, 'Unspecified', 0);
INSERT INTO survey_question_response (survey_question_id, response, display_index) VALUES (23, 'Did not complete high school', 1);
INSERT INTO survey_question_response (survey_question_id, response, display_index) VALUES (23, 'High School or GED equilivant', 2);
INSERT INTO survey_question_response (survey_question_id, response, display_index) VALUES (23, 'Some college or technical school', 3);
INSERT INTO survey_question_response (survey_question_id, response, display_index) VALUES (23, 'Associate''s degree', 4);
INSERT INTO survey_question_response (survey_question_id, response, display_index) VALUES (23, 'Bachelor''s degree', 5);
INSERT INTO survey_question_response (survey_question_id, response, display_index) VALUES (23, 'Some graduate school or professional', 6);
INSERT INTO survey_question_response (survey_question_id, response, display_index) VALUES (23, 'Graduate or Professional degree', 7);
INSERT INTO survey_question_response (survey_question_id, response, display_index) VALUES (24, 'Unspecified', 0);
INSERT INTO survey_question_response (survey_question_id, response, display_index) VALUES (24, 'Never', 1);
INSERT INTO survey_question_response (survey_question_id, response, display_index) VALUES (24, 'Rarely (a few times/month)', 2);
INSERT INTO survey_question_response (survey_question_id, response, display_index) VALUES (24, 'Occasionally (1-2 times/week)', 3);
INSERT INTO survey_question_response (survey_question_id, response, display_index) VALUES (24, 'Regularly (3-5 times/week)', 4);
INSERT INTO survey_question_response (survey_question_id, response, display_index) VALUES (24, 'Daily', 5);
INSERT INTO survey_question_response (survey_question_id, response, display_index) VALUES (25, 'Unspecified', 0);
INSERT INTO survey_question_response (survey_question_id, response, display_index) VALUES (25, 'Indoors', 1);
INSERT INTO survey_question_response (survey_question_id, response, display_index) VALUES (25, 'Outdoors', 2);
INSERT INTO survey_question_response (survey_question_id, response, display_index) VALUES (25, 'Both', 3);
INSERT INTO survey_question_response (survey_question_id, response, display_index) VALUES (25, 'Depends on the season', 4);
INSERT INTO survey_question_response (survey_question_id, response, display_index) VALUES (25, 'None of the above', 5);
INSERT INTO survey_question_response (survey_question_id, response, display_index) VALUES (26, 'Unspecified', 0);
INSERT INTO survey_question_response (survey_question_id, response, display_index) VALUES (26, 'Yes', 1);
INSERT INTO survey_question_response (survey_question_id, response, display_index) VALUES (26, 'No', 2);
INSERT INTO survey_question_response (survey_question_id, response, display_index) VALUES (27, 'Unspecified', 0);
INSERT INTO survey_question_response (survey_question_id, response, display_index) VALUES (27, 'Never', 1);
INSERT INTO survey_question_response (survey_question_id, response, display_index) VALUES (27, 'Rarely (a few times/month)', 2);
INSERT INTO survey_question_response (survey_question_id, response, display_index) VALUES (27, 'Occasionally (1-2 times/week)', 3);
INSERT INTO survey_question_response (survey_question_id, response, display_index) VALUES (27, 'Regularly (3-5 times/week)', 4);
INSERT INTO survey_question_response (survey_question_id, response, display_index) VALUES (27, 'Daily', 5);
INSERT INTO survey_question_response (survey_question_id, response, display_index) VALUES (28, 'Unspecified', 0);
INSERT INTO survey_question_response (survey_question_id, response, display_index) VALUES (28, 'Never', 1);
INSERT INTO survey_question_response (survey_question_id, response, display_index) VALUES (28, 'Rarely (a few times/month)', 2);
INSERT INTO survey_question_response (survey_question_id, response, display_index) VALUES (28, 'Occasionally (1-2 times/week)', 3);
INSERT INTO survey_question_response (survey_question_id, response, display_index) VALUES (28, 'Regularly (3-5 times/week)', 4);
INSERT INTO survey_question_response (survey_question_id, response, display_index) VALUES (28, 'Daily', 5);
INSERT INTO survey_question_response (survey_question_id, response, display_index) VALUES (29, 'Unspecified', 0);
INSERT INTO survey_question_response (survey_question_id, response, display_index) VALUES (29, 'Never', 1);
INSERT INTO survey_question_response (survey_question_id, response, display_index) VALUES (29, 'Rarely (a few times/month)', 2);
INSERT INTO survey_question_response (survey_question_id, response, display_index) VALUES (29, 'Occasionally (1-2 times/week)', 3);
INSERT INTO survey_question_response (survey_question_id, response, display_index) VALUES (29, 'Regularly (3-5 times/week)', 4);
INSERT INTO survey_question_response (survey_question_id, response, display_index) VALUES (29, 'Daily', 5);
INSERT INTO survey_question_response (survey_question_id, response, display_index) VALUES (30, 'Beer/Cider', 1);
INSERT INTO survey_question_response (survey_question_id, response, display_index) VALUES (30, 'Sour beers', 2);
INSERT INTO survey_question_response (survey_question_id, response, display_index) VALUES (30, 'White wine', 3);
INSERT INTO survey_question_response (survey_question_id, response, display_index) VALUES (30, 'Red wine', 4);
INSERT INTO survey_question_response (survey_question_id, response, display_index) VALUES (30, 'Spirits/hard alcohol', 5);
INSERT INTO survey_question_response (survey_question_id, response, display_index) VALUES (31, 'Unspecified', 0);
INSERT INTO survey_question_response (survey_question_id, response, display_index) VALUES (31, 'Never', 1);
INSERT INTO survey_question_response (survey_question_id, response, display_index) VALUES (31, 'Rarely (a few times/month)', 2);
INSERT INTO survey_question_response (survey_question_id, response, display_index) VALUES (31, 'Occasionally (1-2 times/week)', 3);
INSERT INTO survey_question_response (survey_question_id, response, display_index) VALUES (31, 'Regularly (3-5 times/week)', 4);
INSERT INTO survey_question_response (survey_question_id, response, display_index) VALUES (31, 'Daily', 5);
INSERT INTO survey_question_response (survey_question_id, response, display_index) VALUES (32, 'Unspecified', 0);
INSERT INTO survey_question_response (survey_question_id, response, display_index) VALUES (32, 'Never', 1);
INSERT INTO survey_question_response (survey_question_id, response, display_index) VALUES (32, 'Rarely (a few times/month)', 2);
INSERT INTO survey_question_response (survey_question_id, response, display_index) VALUES (32, 'Occasionally (1-2 times/week)', 3);
INSERT INTO survey_question_response (survey_question_id, response, display_index) VALUES (32, 'Regularly (3-5 times/week)', 4);
INSERT INTO survey_question_response (survey_question_id, response, display_index) VALUES (32, 'Daily', 5);
INSERT INTO survey_question_response (survey_question_id, response, display_index) VALUES (33, 'Unspecified', 0);
INSERT INTO survey_question_response (survey_question_id, response, display_index) VALUES (33, 'Never', 1);
INSERT INTO survey_question_response (survey_question_id, response, display_index) VALUES (33, 'Rarely (a few times/month)', 2);
INSERT INTO survey_question_response (survey_question_id, response, display_index) VALUES (33, 'Occasionally (1-2 times/week)', 3);
INSERT INTO survey_question_response (survey_question_id, response, display_index) VALUES (33, 'Regularly (3-5 times/week)', 4);
INSERT INTO survey_question_response (survey_question_id, response, display_index) VALUES (33, 'Daily', 5);
INSERT INTO survey_question_response (survey_question_id, response, display_index) VALUES (34, 'Unspecified', 0);
INSERT INTO survey_question_response (survey_question_id, response, display_index) VALUES (34, 'I use deodorant', 1);
INSERT INTO survey_question_response (survey_question_id, response, display_index) VALUES (34, 'I use an antiperspirant', 2);
INSERT INTO survey_question_response (survey_question_id, response, display_index) VALUES (34, 'Not sure, but I use some form of deodorant/antiperspirant', 3);
INSERT INTO survey_question_response (survey_question_id, response, display_index) VALUES (34, 'I do not use deodorant or an antiperspirant', 4);
INSERT INTO survey_question_response (survey_question_id, response, display_index) VALUES (35, 'Unspecified', 0);
INSERT INTO survey_question_response (survey_question_id, response, display_index) VALUES (35, 'Less than 5 hours', 1);
INSERT INTO survey_question_response (survey_question_id, response, display_index) VALUES (35, '5-6 hours', 2);
INSERT INTO survey_question_response (survey_question_id, response, display_index) VALUES (35, '6-7 hours', 3);
INSERT INTO survey_question_response (survey_question_id, response, display_index) VALUES (35, '7-8 hours', 4);
INSERT INTO survey_question_response (survey_question_id, response, display_index) VALUES (35, '8 or more hours', 5);
INSERT INTO survey_question_response (survey_question_id, response, display_index) VALUES (36, 'Unspecified', 0);
INSERT INTO survey_question_response (survey_question_id, response, display_index) VALUES (36, 'Yes', 1);
INSERT INTO survey_question_response (survey_question_id, response, display_index) VALUES (36, 'No', 2);
INSERT INTO survey_question_response (survey_question_id, response, display_index) VALUES (37, 'Unspecified', 0);
INSERT INTO survey_question_response (survey_question_id, response, display_index) VALUES (37, 'Less than one', 1);
INSERT INTO survey_question_response (survey_question_id, response, display_index) VALUES (37, 'One', 2);
INSERT INTO survey_question_response (survey_question_id, response, display_index) VALUES (37, 'Two', 3);
INSERT INTO survey_question_response (survey_question_id, response, display_index) VALUES (37, 'Three', 4);
INSERT INTO survey_question_response (survey_question_id, response, display_index) VALUES (37, 'Four', 5);
INSERT INTO survey_question_response (survey_question_id, response, display_index) VALUES (37, 'Five or more', 6);
INSERT INTO survey_question_response (survey_question_id, response, display_index) VALUES (38, 'Unspecified', 0);
INSERT INTO survey_question_response (survey_question_id, response, display_index) VALUES (38, 'I tend to be constipated (have difficulty passing stool)', 1);
INSERT INTO survey_question_response (survey_question_id, response, display_index) VALUES (38, 'I tend to have diarrhea (watery stool)', 2);
INSERT INTO survey_question_response (survey_question_id, response, display_index) VALUES (38, 'I tend to have normal formed stool', 3);
INSERT INTO survey_question_response (survey_question_id, response, display_index) VALUES (38, 'I don''t know, I do not have a point of reference', 4);
INSERT INTO survey_question_response (survey_question_id, response, display_index) VALUES (39, 'Unspecified', 0);
INSERT INTO survey_question_response (survey_question_id, response, display_index) VALUES (39, 'Week', 1);
INSERT INTO survey_question_response (survey_question_id, response, display_index) VALUES (39, 'Month', 2);
INSERT INTO survey_question_response (survey_question_id, response, display_index) VALUES (39, '6 months', 3);
INSERT INTO survey_question_response (survey_question_id, response, display_index) VALUES (39, 'Year', 4);
INSERT INTO survey_question_response (survey_question_id, response, display_index) VALUES (39, 'I have not taken antibiotics in the past year.', 5);
INSERT INTO survey_question_response (survey_question_id, response, display_index) VALUES (40, 'Unspecified', 0);
INSERT INTO survey_question_response (survey_question_id, response, display_index) VALUES (40, 'Week', 1);
INSERT INTO survey_question_response (survey_question_id, response, display_index) VALUES (40, 'Month', 2);
INSERT INTO survey_question_response (survey_question_id, response, display_index) VALUES (40, '6 months', 3);
INSERT INTO survey_question_response (survey_question_id, response, display_index) VALUES (40, 'Year', 4);
INSERT INTO survey_question_response (survey_question_id, response, display_index) VALUES (40, 'I have not gotten the flu vaccine in the past year.', 5);
INSERT INTO survey_question_response (survey_question_id, response, display_index) VALUES (41, 'Unspecified', 0);
INSERT INTO survey_question_response (survey_question_id, response, display_index) VALUES (41, 'Yes, I am taking the "pill"', 1);
INSERT INTO survey_question_response (survey_question_id, response, display_index) VALUES (41, 'Yes, I use an injected contraceptive (DMPA)', 2);
INSERT INTO survey_question_response (survey_question_id, response, display_index) VALUES (41, 'Yes, I use a contraceptive patch (Ortho-Evra)', 3);
INSERT INTO survey_question_response (survey_question_id, response, display_index) VALUES (41, 'Yes, I use the NuvaRing', 4);
INSERT INTO survey_question_response (survey_question_id, response, display_index) VALUES (41, 'Yes, I use a hormonal IUD (Mirena)', 5);
INSERT INTO survey_question_response (survey_question_id, response, display_index) VALUES (41, 'No', 6);
INSERT INTO survey_question_response (survey_question_id, response, display_index) VALUES (42, 'Unspecified', 0);
INSERT INTO survey_question_response (survey_question_id, response, display_index) VALUES (42, 'Yes', 1);
INSERT INTO survey_question_response (survey_question_id, response, display_index) VALUES (42, 'No', 2);
INSERT INTO survey_question_response (survey_question_id, response, display_index) VALUES (42, 'Not sure', 3);
INSERT INTO survey_question_response (survey_question_id, response, display_index) VALUES (43, 'Unspecified', 0);
INSERT INTO survey_question_response (survey_question_id, response, display_index) VALUES (43, 'Increased more than 10 pounds', 1);
INSERT INTO survey_question_response (survey_question_id, response, display_index) VALUES (43, 'Decreased more than 10 pounds', 2);
INSERT INTO survey_question_response (survey_question_id, response, display_index) VALUES (43, 'Remained stable', 3);
INSERT INTO survey_question_response (survey_question_id, response, display_index) VALUES (44, 'Unspecified', 0);
INSERT INTO survey_question_response (survey_question_id, response, display_index) VALUES (44, 'Yes', 1);
INSERT INTO survey_question_response (survey_question_id, response, display_index) VALUES (44, 'No', 2);
INSERT INTO survey_question_response (survey_question_id, response, display_index) VALUES (44, 'Not sure', 3);
INSERT INTO survey_question_response (survey_question_id, response, display_index) VALUES (45, 'Unspecified', 0);
INSERT INTO survey_question_response (survey_question_id, response, display_index) VALUES (45, 'Yes', 1);
INSERT INTO survey_question_response (survey_question_id, response, display_index) VALUES (45, 'No', 2);
INSERT INTO survey_question_response (survey_question_id, response, display_index) VALUES (45, 'Not sure', 3);
INSERT INTO survey_question_response (survey_question_id, response, display_index) VALUES (46, 'Unspecified', 0);
INSERT INTO survey_question_response (survey_question_id, response, display_index) VALUES (46, 'Yes', 1);
INSERT INTO survey_question_response (survey_question_id, response, display_index) VALUES (46, 'No', 2);
INSERT INTO survey_question_response (survey_question_id, response, display_index) VALUES (46, 'Not sure', 3);
INSERT INTO survey_question_response (survey_question_id, response, display_index) VALUES (47, 'Unspecified', 0);
INSERT INTO survey_question_response (survey_question_id, response, display_index) VALUES (47, 'Yes', 1);
INSERT INTO survey_question_response (survey_question_id, response, display_index) VALUES (47, 'No', 2);
INSERT INTO survey_question_response (survey_question_id, response, display_index) VALUES (48, 'Unspecified', 0);
INSERT INTO survey_question_response (survey_question_id, response, display_index) VALUES (48, 'Yes', 1);
INSERT INTO survey_question_response (survey_question_id, response, display_index) VALUES (48, 'No', 2);
INSERT INTO survey_question_response (survey_question_id, response, display_index) VALUES (49, 'Unspecified', 0);
INSERT INTO survey_question_response (survey_question_id, response, display_index) VALUES (49, 'Yes', 1);
INSERT INTO survey_question_response (survey_question_id, response, display_index) VALUES (49, 'No', 2);
INSERT INTO survey_question_response (survey_question_id, response, display_index) VALUES (50, 'Unspecified', 0);
INSERT INTO survey_question_response (survey_question_id, response, display_index) VALUES (50, 'Yes', 1);
INSERT INTO survey_question_response (survey_question_id, response, display_index) VALUES (50, 'No', 2);
INSERT INTO survey_question_response (survey_question_id, response, display_index) VALUES (50, 'Not sure', 3);
INSERT INTO survey_question_response (survey_question_id, response, display_index) VALUES (51, 'Unspecified', 0);
INSERT INTO survey_question_response (survey_question_id, response, display_index) VALUES (51, 'Primarily breast milk', 1);
INSERT INTO survey_question_response (survey_question_id, response, display_index) VALUES (51, 'Primarily infant formula', 2);
INSERT INTO survey_question_response (survey_question_id, response, display_index) VALUES (51, 'A mixture of breast milk and formula', 3);
INSERT INTO survey_question_response (survey_question_id, response, display_index) VALUES (51, 'Not sure', 4);
INSERT INTO survey_question_response (survey_question_id, response, display_index) VALUES (52, 'Unspecified', 0);
INSERT INTO survey_question_response (survey_question_id, response, display_index) VALUES (52, 'Yes', 1);
INSERT INTO survey_question_response (survey_question_id, response, display_index) VALUES (52, 'No', 2);
INSERT INTO survey_question_response (survey_question_id, response, display_index) VALUES (53, 'Unspecified', 0);
INSERT INTO survey_question_response (survey_question_id, response, display_index) VALUES (53, 'Yes', 1);
INSERT INTO survey_question_response (survey_question_id, response, display_index) VALUES (53, 'No', 2);
INSERT INTO survey_question_response (survey_question_id, response, display_index) VALUES (54, 'Drug (e.g. Penicillin)', 1);
INSERT INTO survey_question_response (survey_question_id, response, display_index) VALUES (54, 'Pet dander', 2);
INSERT INTO survey_question_response (survey_question_id, response, display_index) VALUES (54, 'Beestings', 3);
INSERT INTO survey_question_response (survey_question_id, response, display_index) VALUES (54, 'Poison ivy/oak', 4);
INSERT INTO survey_question_response (survey_question_id, response, display_index) VALUES (54, 'Sun', 5);
INSERT INTO survey_question_response (survey_question_id, response, display_index) VALUES (55, 'Unspecified', 0);
INSERT INTO survey_question_response (survey_question_id, response, display_index) VALUES (55, 'Yes', 1);
INSERT INTO survey_question_response (survey_question_id, response, display_index) VALUES (55, 'No', 2);
INSERT INTO survey_question_response (survey_question_id, response, display_index) VALUES (55, 'I eat both solid food and formula/breast milk', 3);
INSERT INTO survey_question_response (survey_question_id, response, display_index) VALUES (56, 'Unspecified', 0);
INSERT INTO survey_question_response (survey_question_id, response, display_index) VALUES (56, 'Never', 1);
INSERT INTO survey_question_response (survey_question_id, response, display_index) VALUES (56, 'Rarely (less than once/week)', 2);
INSERT INTO survey_question_response (survey_question_id, response, display_index) VALUES (56, 'Occasionally (1-2 times/week)', 3);
INSERT INTO survey_question_response (survey_question_id, response, display_index) VALUES (56, 'Regularly (3-5 times/week)', 4);
INSERT INTO survey_question_response (survey_question_id, response, display_index) VALUES (56, 'Daily', 5);
INSERT INTO survey_question_response (survey_question_id, response, display_index) VALUES (57, 'Unspecified', 0);
INSERT INTO survey_question_response (survey_question_id, response, display_index) VALUES (57, 'Never', 1);
INSERT INTO survey_question_response (survey_question_id, response, display_index) VALUES (57, 'Rarely (less than once/week)', 2);
INSERT INTO survey_question_response (survey_question_id, response, display_index) VALUES (57, 'Occasionally (1-2 times/week)', 3);
INSERT INTO survey_question_response (survey_question_id, response, display_index) VALUES (57, 'Regularly (3-5 times/week)', 4);
INSERT INTO survey_question_response (survey_question_id, response, display_index) VALUES (57, 'Daily', 5);
INSERT INTO survey_question_response (survey_question_id, response, display_index) VALUES (58, 'Unspecified', 0);
INSERT INTO survey_question_response (survey_question_id, response, display_index) VALUES (58, 'Never', 1);
INSERT INTO survey_question_response (survey_question_id, response, display_index) VALUES (58, 'Rarely (less than once/week)', 2);
INSERT INTO survey_question_response (survey_question_id, response, display_index) VALUES (58, 'Occasionally (1-2 times/week)', 3);
INSERT INTO survey_question_response (survey_question_id, response, display_index) VALUES (58, 'Regularly (3-5 times/week)', 4);
INSERT INTO survey_question_response (survey_question_id, response, display_index) VALUES (58, 'Daily', 5);
INSERT INTO survey_question_response (survey_question_id, response, display_index) VALUES (59, 'Unspecified', 0);
INSERT INTO survey_question_response (survey_question_id, response, display_index) VALUES (59, 'Never', 1);
INSERT INTO survey_question_response (survey_question_id, response, display_index) VALUES (59, 'Rarely (less than once/week)', 2);
INSERT INTO survey_question_response (survey_question_id, response, display_index) VALUES (59, 'Occasionally (1-2 times/week)', 3);
INSERT INTO survey_question_response (survey_question_id, response, display_index) VALUES (59, 'Regularly (3-5 times/week)', 4);
INSERT INTO survey_question_response (survey_question_id, response, display_index) VALUES (59, 'Daily', 5);
INSERT INTO survey_question_response (survey_question_id, response, display_index) VALUES (60, 'Unspecified', 0);
INSERT INTO survey_question_response (survey_question_id, response, display_index) VALUES (60, 'I do not have this condition', 1);
INSERT INTO survey_question_response (survey_question_id, response, display_index) VALUES (60, 'Diagnosed by a medical professional (doctor, physician assistant)', 2);
INSERT INTO survey_question_response (survey_question_id, response, display_index) VALUES (60, 'Diagnosed by an alternative medicine practitioner', 3);
INSERT INTO survey_question_response (survey_question_id, response, display_index) VALUES (60, 'Self-diagnosed', 4);
INSERT INTO survey_question_response (survey_question_id, response, display_index) VALUES (61, 'Unspecified', 0);
INSERT INTO survey_question_response (survey_question_id, response, display_index) VALUES (61, 'Never', 1);
INSERT INTO survey_question_response (survey_question_id, response, display_index) VALUES (61, 'Rarely (less than once/week)', 2);
INSERT INTO survey_question_response (survey_question_id, response, display_index) VALUES (61, 'Occasionally (1-2 times/week)', 3);
INSERT INTO survey_question_response (survey_question_id, response, display_index) VALUES (61, 'Regularly (3-5 times/week)', 4);
INSERT INTO survey_question_response (survey_question_id, response, display_index) VALUES (61, 'Daily', 5);
INSERT INTO survey_question_response (survey_question_id, response, display_index) VALUES (62, 'Unspecified', 0);
INSERT INTO survey_question_response (survey_question_id, response, display_index) VALUES (62, 'Never', 1);
INSERT INTO survey_question_response (survey_question_id, response, display_index) VALUES (62, 'Rarely (less than once/week)', 2);
INSERT INTO survey_question_response (survey_question_id, response, display_index) VALUES (62, 'Occasionally (1-2 times/week)', 3);
INSERT INTO survey_question_response (survey_question_id, response, display_index) VALUES (62, 'Regularly (3-5 times/week)', 4);
INSERT INTO survey_question_response (survey_question_id, response, display_index) VALUES (62, 'Daily', 5);
INSERT INTO survey_question_response (survey_question_id, response, display_index) VALUES (63, 'Unspecified', 0);
INSERT INTO survey_question_response (survey_question_id, response, display_index) VALUES (63, 'Never', 1);
INSERT INTO survey_question_response (survey_question_id, response, display_index) VALUES (63, 'Rarely (less than once/week)', 2);
INSERT INTO survey_question_response (survey_question_id, response, display_index) VALUES (63, 'Occasionally (1-2 times/week)', 3);
INSERT INTO survey_question_response (survey_question_id, response, display_index) VALUES (63, 'Regularly (3-5 times/week)', 4);
INSERT INTO survey_question_response (survey_question_id, response, display_index) VALUES (63, 'Daily', 5);
INSERT INTO survey_question_response (survey_question_id, response, display_index) VALUES (64, 'Unspecified', 0);
INSERT INTO survey_question_response (survey_question_id, response, display_index) VALUES (64, 'Never', 1);
INSERT INTO survey_question_response (survey_question_id, response, display_index) VALUES (64, 'Rarely (less than once/week)', 2);
INSERT INTO survey_question_response (survey_question_id, response, display_index) VALUES (64, 'Occasionally (1-2 times/week)', 3);
INSERT INTO survey_question_response (survey_question_id, response, display_index) VALUES (64, 'Regularly (3-5 times/week)', 4);
INSERT INTO survey_question_response (survey_question_id, response, display_index) VALUES (64, 'Daily', 5);
INSERT INTO survey_question_response (survey_question_id, response, display_index) VALUES (65, 'Unspecified', 0);
INSERT INTO survey_question_response (survey_question_id, response, display_index) VALUES (65, 'Never', 1);
INSERT INTO survey_question_response (survey_question_id, response, display_index) VALUES (65, 'Rarely (less than once/week)', 2);
INSERT INTO survey_question_response (survey_question_id, response, display_index) VALUES (65, 'Occasionally (1-2 times/week)', 3);
INSERT INTO survey_question_response (survey_question_id, response, display_index) VALUES (65, 'Regularly (3-5 times/week)', 4);
INSERT INTO survey_question_response (survey_question_id, response, display_index) VALUES (65, 'Daily', 5);
INSERT INTO survey_question_response (survey_question_id, response, display_index) VALUES (66, 'Unspecified', 0);
INSERT INTO survey_question_response (survey_question_id, response, display_index) VALUES (66, 'Never', 1);
INSERT INTO survey_question_response (survey_question_id, response, display_index) VALUES (66, 'Rarely (less than once/week)', 2);
INSERT INTO survey_question_response (survey_question_id, response, display_index) VALUES (66, 'Occasionally (1-2 times/week)', 3);
INSERT INTO survey_question_response (survey_question_id, response, display_index) VALUES (66, 'Regularly (3-5 times/week)', 4);
INSERT INTO survey_question_response (survey_question_id, response, display_index) VALUES (66, 'Daily', 5);
INSERT INTO survey_question_response (survey_question_id, response, display_index) VALUES (67, 'Unspecified', 0);
INSERT INTO survey_question_response (survey_question_id, response, display_index) VALUES (67, 'Never', 1);
INSERT INTO survey_question_response (survey_question_id, response, display_index) VALUES (67, 'Rarely (less than once/week)', 2);
INSERT INTO survey_question_response (survey_question_id, response, display_index) VALUES (67, 'Occasionally (1-2 times/week)', 3);
INSERT INTO survey_question_response (survey_question_id, response, display_index) VALUES (67, 'Regularly (3-5 times/week)', 4);
INSERT INTO survey_question_response (survey_question_id, response, display_index) VALUES (67, 'Daily', 5);
INSERT INTO survey_question_response (survey_question_id, response, display_index) VALUES (68, 'Unspecified', 0);
INSERT INTO survey_question_response (survey_question_id, response, display_index) VALUES (68, 'Never', 1);
INSERT INTO survey_question_response (survey_question_id, response, display_index) VALUES (68, 'Rarely (less than once/week)', 2);
INSERT INTO survey_question_response (survey_question_id, response, display_index) VALUES (68, 'Occasionally (1-2 times/week)', 3);
INSERT INTO survey_question_response (survey_question_id, response, display_index) VALUES (68, 'Regularly (3-5 times/week)', 4);
INSERT INTO survey_question_response (survey_question_id, response, display_index) VALUES (68, 'Daily', 5);
INSERT INTO survey_question_response (survey_question_id, response, display_index) VALUES (69, 'Unspecified', 0);
INSERT INTO survey_question_response (survey_question_id, response, display_index) VALUES (69, 'Never', 1);
INSERT INTO survey_question_response (survey_question_id, response, display_index) VALUES (69, 'Rarely (less than once/week)', 2);
INSERT INTO survey_question_response (survey_question_id, response, display_index) VALUES (69, 'Occasionally (1-2 times/week)', 3);
INSERT INTO survey_question_response (survey_question_id, response, display_index) VALUES (69, 'Regularly (3-5 times/week)', 4);
INSERT INTO survey_question_response (survey_question_id, response, display_index) VALUES (69, 'Daily', 5);
INSERT INTO survey_question_response (survey_question_id, response, display_index) VALUES (70, 'Unspecified', 0);
INSERT INTO survey_question_response (survey_question_id, response, display_index) VALUES (70, 'Never', 1);
INSERT INTO survey_question_response (survey_question_id, response, display_index) VALUES (70, 'Rarely (less than once/week)', 2);
INSERT INTO survey_question_response (survey_question_id, response, display_index) VALUES (70, 'Occasionally (1-2 times/week)', 3);
INSERT INTO survey_question_response (survey_question_id, response, display_index) VALUES (70, 'Regularly (3-5 times/week)', 4);
INSERT INTO survey_question_response (survey_question_id, response, display_index) VALUES (70, 'Daily', 5);
INSERT INTO survey_question_response (survey_question_id, response, display_index) VALUES (71, 'Unspecified', 0);
INSERT INTO survey_question_response (survey_question_id, response, display_index) VALUES (71, 'Never', 1);
INSERT INTO survey_question_response (survey_question_id, response, display_index) VALUES (71, 'Rarely (less than once/week)', 2);
INSERT INTO survey_question_response (survey_question_id, response, display_index) VALUES (71, 'Occasionally (1-2 times/week)', 3);
INSERT INTO survey_question_response (survey_question_id, response, display_index) VALUES (71, 'Regularly (3-5 times/week)', 4);
INSERT INTO survey_question_response (survey_question_id, response, display_index) VALUES (71, 'Daily', 5);
INSERT INTO survey_question_response (survey_question_id, response, display_index) VALUES (72, 'Unspecified', 0);
INSERT INTO survey_question_response (survey_question_id, response, display_index) VALUES (72, 'Never', 1);
INSERT INTO survey_question_response (survey_question_id, response, display_index) VALUES (72, 'Rarely (less than once/week)', 2);
INSERT INTO survey_question_response (survey_question_id, response, display_index) VALUES (72, 'Occasionally (1-2 times/week)', 3);
INSERT INTO survey_question_response (survey_question_id, response, display_index) VALUES (72, 'Regularly (3-5 times/week)', 4);
INSERT INTO survey_question_response (survey_question_id, response, display_index) VALUES (72, 'Daily', 5);
INSERT INTO survey_question_response (survey_question_id, response, display_index) VALUES (73, 'Unspecified', 0);
INSERT INTO survey_question_response (survey_question_id, response, display_index) VALUES (73, 'Never', 1);
INSERT INTO survey_question_response (survey_question_id, response, display_index) VALUES (73, 'Rarely (less than once/week)', 2);
INSERT INTO survey_question_response (survey_question_id, response, display_index) VALUES (73, 'Occasionally (1-2 times/week)', 3);
INSERT INTO survey_question_response (survey_question_id, response, display_index) VALUES (73, 'Regularly (3-5 times/week)', 4);
INSERT INTO survey_question_response (survey_question_id, response, display_index) VALUES (73, 'Daily', 5);
INSERT INTO survey_question_response (survey_question_id, response, display_index) VALUES (74, 'Unspecified', 0);
INSERT INTO survey_question_response (survey_question_id, response, display_index) VALUES (74, 'Never', 1);
INSERT INTO survey_question_response (survey_question_id, response, display_index) VALUES (74, 'Rarely (less than once/week)', 2);
INSERT INTO survey_question_response (survey_question_id, response, display_index) VALUES (74, 'Occasionally (1-2 times/week)', 3);
INSERT INTO survey_question_response (survey_question_id, response, display_index) VALUES (74, 'Regularly (3-5 times/week)', 4);
INSERT INTO survey_question_response (survey_question_id, response, display_index) VALUES (74, 'Daily', 5);
INSERT INTO survey_question_response (survey_question_id, response, display_index) VALUES (75, 'Unspecified', 0);
INSERT INTO survey_question_response (survey_question_id, response, display_index) VALUES (75, 'Never', 1);
INSERT INTO survey_question_response (survey_question_id, response, display_index) VALUES (75, 'Rarely (less than once/week)', 2);
INSERT INTO survey_question_response (survey_question_id, response, display_index) VALUES (75, 'Occasionally (1-2 times/week)', 3);
INSERT INTO survey_question_response (survey_question_id, response, display_index) VALUES (75, 'Regularly (3-5 times/week)', 4);
INSERT INTO survey_question_response (survey_question_id, response, display_index) VALUES (75, 'Daily', 5);
INSERT INTO survey_question_response (survey_question_id, response, display_index) VALUES (76, 'Unspecified', 0);
INSERT INTO survey_question_response (survey_question_id, response, display_index) VALUES (76, 'Never', 1);
INSERT INTO survey_question_response (survey_question_id, response, display_index) VALUES (76, 'Rarely (less than once/week)', 2);
INSERT INTO survey_question_response (survey_question_id, response, display_index) VALUES (76, 'Occasionally (1-2 times/week)', 3);
INSERT INTO survey_question_response (survey_question_id, response, display_index) VALUES (76, 'Regularly (3-5 times/week)', 4);
INSERT INTO survey_question_response (survey_question_id, response, display_index) VALUES (76, 'Daily', 5);
INSERT INTO survey_question_response (survey_question_id, response, display_index) VALUES (77, 'Unspecified', 0);
INSERT INTO survey_question_response (survey_question_id, response, display_index) VALUES (77, 'I do not have this condition', 1);
INSERT INTO survey_question_response (survey_question_id, response, display_index) VALUES (77, 'Diagnosed by a medical professional (doctor, physician assistant)', 2);
INSERT INTO survey_question_response (survey_question_id, response, display_index) VALUES (77, 'Diagnosed by an alternative medicine practitioner', 3);
INSERT INTO survey_question_response (survey_question_id, response, display_index) VALUES (77, 'Self-diagnosed', 4);
INSERT INTO survey_question_response (survey_question_id, response, display_index) VALUES (78, 'Unspecified', 0);
INSERT INTO survey_question_response (survey_question_id, response, display_index) VALUES (78, 'I do not have this condition', 1);
INSERT INTO survey_question_response (survey_question_id, response, display_index) VALUES (78, 'Diagnosed by a medical professional (doctor, physician assistant)', 2);
INSERT INTO survey_question_response (survey_question_id, response, display_index) VALUES (78, 'Diagnosed by an alternative medicine practitioner', 3);
INSERT INTO survey_question_response (survey_question_id, response, display_index) VALUES (78, 'Self-diagnosed', 4);
INSERT INTO survey_question_response (survey_question_id, response, display_index) VALUES (21, 'Unspecified', 0);
INSERT INTO survey_question_response (survey_question_id, response, display_index) VALUES (21, 'Yes', 1);
INSERT INTO survey_question_response (survey_question_id, response, display_index) VALUES (21, 'No', 2);
INSERT INTO survey_question_response (survey_question_id, response, display_index) VALUES (80, 'Unspecified', 0);
INSERT INTO survey_question_response (survey_question_id, response, display_index) VALUES (80, 'I do not have this condition', 1);
INSERT INTO survey_question_response (survey_question_id, response, display_index) VALUES (80, 'Diagnosed by a medical professional (doctor, physician assistant)', 2);
INSERT INTO survey_question_response (survey_question_id, response, display_index) VALUES (80, 'Diagnosed by an alternative medicine practitioner', 3);
INSERT INTO survey_question_response (survey_question_id, response, display_index) VALUES (80, 'Self-diagnosed', 4);
INSERT INTO survey_question_response (survey_question_id, response, display_index) VALUES (81, 'Unspecified', 0);
INSERT INTO survey_question_response (survey_question_id, response, display_index) VALUES (81, 'I do not have this condition', 1);
INSERT INTO survey_question_response (survey_question_id, response, display_index) VALUES (81, 'Diagnosed by a medical professional (doctor, physician assistant)', 2);
INSERT INTO survey_question_response (survey_question_id, response, display_index) VALUES (81, 'Diagnosed by an alternative medicine practitioner', 3);
INSERT INTO survey_question_response (survey_question_id, response, display_index) VALUES (81, 'Self-diagnosed', 4);
INSERT INTO survey_question_response (survey_question_id, response, display_index) VALUES (82, 'Unspecified', 0);
INSERT INTO survey_question_response (survey_question_id, response, display_index) VALUES (82, 'I do not have this condition', 1);
INSERT INTO survey_question_response (survey_question_id, response, display_index) VALUES (82, 'Diagnosed by a medical professional (doctor, physician assistant)', 2);
INSERT INTO survey_question_response (survey_question_id, response, display_index) VALUES (82, 'Diagnosed by an alternative medicine practitioner', 3);
INSERT INTO survey_question_response (survey_question_id, response, display_index) VALUES (82, 'Self-diagnosed', 4);
INSERT INTO survey_question_response (survey_question_id, response, display_index) VALUES (83, 'Unspecified', 0);
INSERT INTO survey_question_response (survey_question_id, response, display_index) VALUES (83, 'I do not have this condition', 1);
INSERT INTO survey_question_response (survey_question_id, response, display_index) VALUES (83, 'Diagnosed by a medical professional (doctor, physician assistant)', 2);
INSERT INTO survey_question_response (survey_question_id, response, display_index) VALUES (83, 'Diagnosed by an alternative medicine practitioner', 3);
INSERT INTO survey_question_response (survey_question_id, response, display_index) VALUES (83, 'Self-diagnosed', 4);
INSERT INTO survey_question_response (survey_question_id, response, display_index) VALUES (84, 'Unspecified', 0);
INSERT INTO survey_question_response (survey_question_id, response, display_index) VALUES (84, 'I do not have this condition', 1);
INSERT INTO survey_question_response (survey_question_id, response, display_index) VALUES (84, 'Diagnosed by a medical professional (doctor, physician assistant)', 2);
INSERT INTO survey_question_response (survey_question_id, response, display_index) VALUES (84, 'Diagnosed by an alternative medicine practitioner', 3);
INSERT INTO survey_question_response (survey_question_id, response, display_index) VALUES (84, 'Self-diagnosed', 4);
INSERT INTO survey_question_response (survey_question_id, response, display_index) VALUES (85, 'Unspecified', 0);
INSERT INTO survey_question_response (survey_question_id, response, display_index) VALUES (85, 'I do not have this condition', 1);
INSERT INTO survey_question_response (survey_question_id, response, display_index) VALUES (85, 'Diagnosed by a medical professional (doctor, physician assistant)', 2);
INSERT INTO survey_question_response (survey_question_id, response, display_index) VALUES (85, 'Diagnosed by an alternative medicine practitioner', 3);
INSERT INTO survey_question_response (survey_question_id, response, display_index) VALUES (85, 'Self-diagnosed', 4);
INSERT INTO survey_question_response (survey_question_id, response, display_index) VALUES (86, 'Unspecified', 0);
INSERT INTO survey_question_response (survey_question_id, response, display_index) VALUES (86, 'I do not have this condition', 1);
INSERT INTO survey_question_response (survey_question_id, response, display_index) VALUES (86, 'Diagnosed by a medical professional (doctor, physician assistant)', 2);
INSERT INTO survey_question_response (survey_question_id, response, display_index) VALUES (86, 'Diagnosed by an alternative medicine practitioner', 3);
INSERT INTO survey_question_response (survey_question_id, response, display_index) VALUES (86, 'Self-diagnosed', 4);
INSERT INTO survey_question_response (survey_question_id, response, display_index) VALUES (87, 'Unspecified', 0);
INSERT INTO survey_question_response (survey_question_id, response, display_index) VALUES (87, 'I do not have this condition', 1);
INSERT INTO survey_question_response (survey_question_id, response, display_index) VALUES (87, 'Diagnosed by a medical professional (doctor, physician assistant)', 2);
INSERT INTO survey_question_response (survey_question_id, response, display_index) VALUES (87, 'Diagnosed by an alternative medicine practitioner', 3);
INSERT INTO survey_question_response (survey_question_id, response, display_index) VALUES (87, 'Self-diagnosed', 4);
INSERT INTO survey_question_response (survey_question_id, response, display_index) VALUES (88, 'Unspecified', 0);
INSERT INTO survey_question_response (survey_question_id, response, display_index) VALUES (88, 'I do not have this condition', 1);
INSERT INTO survey_question_response (survey_question_id, response, display_index) VALUES (88, 'Diagnosed by a medical professional (doctor, physician assistant)', 2);
INSERT INTO survey_question_response (survey_question_id, response, display_index) VALUES (88, 'Diagnosed by an alternative medicine practitioner', 3);
INSERT INTO survey_question_response (survey_question_id, response, display_index) VALUES (88, 'Self-diagnosed', 4);
INSERT INTO survey_question_response (survey_question_id, response, display_index) VALUES (89, 'Unspecified', 0);
INSERT INTO survey_question_response (survey_question_id, response, display_index) VALUES (89, 'I do not have this condition', 1);
INSERT INTO survey_question_response (survey_question_id, response, display_index) VALUES (89, 'Diagnosed by a medical professional (doctor, physician assistant)', 2);
INSERT INTO survey_question_response (survey_question_id, response, display_index) VALUES (89, 'Diagnosed by an alternative medicine practitioner', 3);
INSERT INTO survey_question_response (survey_question_id, response, display_index) VALUES (89, 'Self-diagnosed', 4);
INSERT INTO survey_question_response (survey_question_id, response, display_index) VALUES (90, 'Unspecified', 0);
INSERT INTO survey_question_response (survey_question_id, response, display_index) VALUES (90, 'I do not have this condition', 1);
INSERT INTO survey_question_response (survey_question_id, response, display_index) VALUES (90, 'Diagnosed by a medical professional (doctor, physician assistant)', 2);
INSERT INTO survey_question_response (survey_question_id, response, display_index) VALUES (90, 'Diagnosed by an alternative medicine practitioner', 3);
INSERT INTO survey_question_response (survey_question_id, response, display_index) VALUES (90, 'Self-diagnosed', 4);
INSERT INTO survey_question_response (survey_question_id, response, display_index) VALUES (91, 'Unspecified', 0);
INSERT INTO survey_question_response (survey_question_id, response, display_index) VALUES (91, 'Never', 1);
INSERT INTO survey_question_response (survey_question_id, response, display_index) VALUES (91, 'Rarely (less than once/week)', 2);
INSERT INTO survey_question_response (survey_question_id, response, display_index) VALUES (91, 'Occasionally (1-2 times/week)', 3);
INSERT INTO survey_question_response (survey_question_id, response, display_index) VALUES (91, 'Regularly (3-5 times/week)', 4);
INSERT INTO survey_question_response (survey_question_id, response, display_index) VALUES (91, 'Daily', 5);
INSERT INTO survey_question_response (survey_question_id, response, display_index) VALUES (92, 'Unspecified', 0);
INSERT INTO survey_question_response (survey_question_id, response, display_index) VALUES (92, 'I do not have this condition', 1);
INSERT INTO survey_question_response (survey_question_id, response, display_index) VALUES (92, 'Diagnosed by a medical professional (doctor, physician assistant)', 2);
INSERT INTO survey_question_response (survey_question_id, response, display_index) VALUES (92, 'Diagnosed by an alternative medicine practitioner', 3);
INSERT INTO survey_question_response (survey_question_id, response, display_index) VALUES (92, 'Self-diagnosed', 4);
INSERT INTO survey_question_response (survey_question_id, response, display_index) VALUES (93, 'Unspecified', 0);
INSERT INTO survey_question_response (survey_question_id, response, display_index) VALUES (93, 'I do not have this condition', 1);
INSERT INTO survey_question_response (survey_question_id, response, display_index) VALUES (93, 'Diagnosed by a medical professional (doctor, physician assistant)', 2);
INSERT INTO survey_question_response (survey_question_id, response, display_index) VALUES (93, 'Diagnosed by an alternative medicine practitioner', 3);
INSERT INTO survey_question_response (survey_question_id, response, display_index) VALUES (93, 'Self-diagnosed', 4);
INSERT INTO survey_question_response (survey_question_id, response, display_index) VALUES (94, 'Unspecified', 0);
INSERT INTO survey_question_response (survey_question_id, response, display_index) VALUES (94, 'I do not have this condition', 1);
INSERT INTO survey_question_response (survey_question_id, response, display_index) VALUES (94, 'Diagnosed by a medical professional (doctor, physician assistant)', 2);
INSERT INTO survey_question_response (survey_question_id, response, display_index) VALUES (94, 'Diagnosed by an alternative medicine practitioner', 3);
INSERT INTO survey_question_response (survey_question_id, response, display_index) VALUES (94, 'Self-diagnosed', 4);
INSERT INTO survey_question_response (survey_question_id, response, display_index) VALUES (95, 'Unspecified', 0);
INSERT INTO survey_question_response (survey_question_id, response, display_index) VALUES (95, 'I do not have this condition', 1);
INSERT INTO survey_question_response (survey_question_id, response, display_index) VALUES (95, 'Diagnosed by a medical professional (doctor, physician assistant)', 2);
INSERT INTO survey_question_response (survey_question_id, response, display_index) VALUES (95, 'Diagnosed by an alternative medicine practitioner', 3);
INSERT INTO survey_question_response (survey_question_id, response, display_index) VALUES (95, 'Self-diagnosed', 4);
INSERT INTO survey_question_response (survey_question_id, response, display_index) VALUES (96, 'Unspecified', 0);
INSERT INTO survey_question_response (survey_question_id, response, display_index) VALUES (96, 'I do not have this condition', 1);
INSERT INTO survey_question_response (survey_question_id, response, display_index) VALUES (96, 'Diagnosed by a medical professional (doctor, physician assistant)', 2);
INSERT INTO survey_question_response (survey_question_id, response, display_index) VALUES (96, 'Diagnosed by an alternative medicine practitioner', 3);
INSERT INTO survey_question_response (survey_question_id, response, display_index) VALUES (96, 'Self-diagnosed', 4);
INSERT INTO survey_question_response (survey_question_id, response, display_index) VALUES (97, 'Unspecified', 0);
INSERT INTO survey_question_response (survey_question_id, response, display_index) VALUES (97, 'I do not have this condition', 1);
INSERT INTO survey_question_response (survey_question_id, response, display_index) VALUES (97, 'Diagnosed by a medical professional (doctor, physician assistant)', 2);
INSERT INTO survey_question_response (survey_question_id, response, display_index) VALUES (97, 'Diagnosed by an alternative medicine practitioner', 3);
INSERT INTO survey_question_response (survey_question_id, response, display_index) VALUES (97, 'Self-diagnosed', 4);

----------------------------------------------------------
-- survey_question_triggered_by
----------------------------------------------------------
INSERT INTO survey_question_triggered_by (survey_question_id, trigger_question, trigger_response) VALUES (101, 21, 'Yes');
INSERT INTO survey_question_triggered_by (survey_question_id, trigger_question, trigger_response) VALUES (106, 81, 'Diagnosed by a medical professional (doctor, physician assistant)');
INSERT INTO survey_question_triggered_by (survey_question_id, trigger_question, trigger_response) VALUES (106, 81, 'Diagnosed by an alternative medicine practitioner');
INSERT INTO survey_question_triggered_by (survey_question_id, trigger_question, trigger_response) VALUES (106, 81, 'Self-diagnosed');
INSERT INTO survey_question_triggered_by (survey_question_id, trigger_question, trigger_response) VALUES (104, 12, 'Yes');
INSERT INTO survey_question_triggered_by (survey_question_id, trigger_question, trigger_response) VALUES (101, 20, 'Yes');
INSERT INTO survey_question_triggered_by (survey_question_id, trigger_question, trigger_response) VALUES (109, 18, 'Yes');
INSERT INTO survey_question_triggered_by (survey_question_id, trigger_question, trigger_response) VALUES (108, 16, 'Month');
INSERT INTO survey_question_triggered_by (survey_question_id, trigger_question, trigger_response) VALUES (108, 16, '3 months');
INSERT INTO survey_question_triggered_by (survey_question_id, trigger_question, trigger_response) VALUES (108, 16, '6 months');
INSERT INTO survey_question_triggered_by (survey_question_id, trigger_question, trigger_response) VALUES (102, 14, 'Other');
INSERT INTO survey_question_triggered_by (survey_question_id, trigger_question, trigger_response) VALUES (110, 39, 'Week');
INSERT INTO survey_question_triggered_by (survey_question_id, trigger_question, trigger_response) VALUES (110, 39, 'Month');
INSERT INTO survey_question_triggered_by (survey_question_id, trigger_question, trigger_response) VALUES (98, 49, 'Yes');
INSERT INTO survey_question_triggered_by (survey_question_id, trigger_question, trigger_response) VALUES (97, 42, 'Yes');
INSERT INTO survey_question_triggered_by (survey_question_id, trigger_question, trigger_response) VALUES (98, 6, 'Yes');

